
  Multi-Algo Signals API
  Algos: largecap | spx | smallcap
  App (React build): http://localhost:5000/
  Dev mode (Vite):   cd web && npm run dev  → http://localhost:3000

 * Serving Flask app 'api'
 * Debug mode: off
WARNING: This is a development server. Do not use it in a production deployment. Use a production WSGI server instead.
 * Running on http://127.0.0.1:5000
Press CTRL+C to quit
2026-05-13 09:30:38,639 INFO scan started  force=False
2026-05-13 09:30:42,990 INFO universe=0 symbols  regime=daily fallback: 🟢 bull (SPY+XIU above 50DMA)
2026-05-13 09:30:42,991 INFO scan done  signals=0
2026-05-13 09:32:12,715 INFO scan started  force=False
127.0.0.1 - - [13/May/2026 09:32:41] "GET /api/intraday_scan HTTP/1.1" 200 -
127.0.0.1 - - [13/May/2026 09:32:41] "GET /api/intraday_scan HTTP/1.1" 200 -
127.0.0.1 - - [13/May/2026 09:33:14] "GET /api/price?ticker=SPY HTTP/1.1" 200 -
127.0.0.1 - - [13/May/2026 09:33:15] "GET /api/price?ticker=SPY HTTP/1.1" 200 -
127.0.0.1 - - [13/May/2026 09:33:16] "GET /api/intraday_chart/SPY HTTP/1.1" 200 -
127.0.0.1 - - [13/May/2026 09:33:16] "GET /api/intraday_chart/SPY HTTP/1.1" 200 -
127.0.0.1 - - [13/May/2026 09:33:44] "GET /api/price?ticker=SPY HTTP/1.1" 200 -
127.0.0.1 - - [13/May/2026 09:34:15] "GET /api/price?ticker=SPY HTTP/1.1" 200 -
127.0.0.1 - - [13/May/2026 09:34:15] "GET /api/intraday_chart/SPY HTTP/1.1" 200 -
127.0.0.1 - - [13/May/2026 09:34:44] "GET /api/price?ticker=SPY HTTP/1.1" 200 -
127.0.0.1 - - [13/May/2026 09:35:14] "GET /api/price?ticker=SPY HTTP/1.1" 200 -
127.0.0.1 - - [13/May/2026 09:35:15] "GET /api/intraday_chart/SPY HTTP/1.1" 200 -
127.0.0.1 - - [13/May/2026 09:35:45] "GET /api/price?ticker=SPY HTTP/1.1" 200 -
2026-05-13 09:35:49,377 INFO scan started  force=False
2026-05-13 09:35:51,587 INFO universe=0 symbols  regime=daily fallback: 🟢 bull (SPY+XIU above 50DMA)
2026-05-13 09:35:51,589 INFO scan done  signals=0
127.0.0.1 - - [13/May/2026 09:36:01] "POST /api/intraday_force_scan HTTP/1.1" 200 -
2026-05-13 09:36:01,030 INFO scan started  force=True
2026-05-13 09:36:04,524 INFO universe=0 symbols  regime=daily fallback: 🟢 bull (SPY+XIU above 50DMA)
2026-05-13 09:36:04,524 INFO scan done  signals=0
127.0.0.1 - - [13/May/2026 09:36:08] "GET /api/intraday_scan HTTP/1.1" 200 -

📡 Fetching real-time market news...

📰 Headlines (09:36)
  • Best Canadian Stock ETFs - Morningstar Canada
  • Investing in Large Caps - The Motley Fool Canada
  • Beaten-down TSX stocks that could now be end-of-year buys - The Globe and Mail
  • Michael Sprung’s Top Picks for April 1, 2026 - BNN Bloomberg
  • Dogs of the TSX (Beating the TSX) - January 2026 Picks - Million Dollar Journey
  • Where I’d Invest $6,700 in the TSX Today - Yahoo! Finance Canada

🔍 Scanning 86 stocks...
                                               Large Cap $10–$9999                                               
                                                                                                                 
  Ticker           Price    Today       7d       30d   RSI D   RSI 1h    Vol    Support     Resist   Sentiment   
 ━━━━━━━━━━━━━━━━━━━━━━━━━━━━━━━━━━━━━━━━━━━━━━━━━━━━━━━━━━━━━━━━━━━━━━━━━━━━━━━━━━━━━━━━━━━━━━━━━━━━━━━━━━━━━━━ 
  🇺🇸 NBIS        $201.49   +12.5%   +14.2%    +94.2%    68.2     64.7   0.6x    $101.66    $201.45   🟢 bullish  
  🇺🇸 KC            $16.8    +9.7%   +10.5%    +25.7%    57.1     67.4   0.2x     $13.34     $18.22   🟢 bullish  
  🇺🇸 HIMX         $20.61    +7.8%   +78.3%   +161.9%    78.4     64.0   0.2x      $7.92     $20.94   🟢 bullish  
  🇺🇸 LUNR         $34.15    +6.4%   +34.7%    +84.0%    70.0     72.3   0.2x     $20.08     $33.76   🟢 bullish  
  🇺🇸 HSAI         $22.76    +6.4%    +5.2%    +19.0%    53.0     63.5   0.2x     $19.87     $24.62   🟢 bullish  
  🇺🇸 MU          $788.65    +2.9%   +36.8%   +133.4%    80.5     63.5   0.2x     $349.1    $805.46   ⚪ neutral  
  🇺🇸 AAOI        $193.18    +2.6%   +11.7%   +128.4%    63.3     63.0   0.2x     $90.54    $204.29   🟢 bullish  
  🇺🇸 LWLG         $16.99    +6.7%    +7.6%   +141.7%    64.8     59.5   0.1x      $6.93     $17.72   🟢 bullish  
  🇺🇸 MXL          $97.05    +5.6%   +24.2%   +458.1%    79.0     56.3   0.1x     $17.36    $103.19   🟢 bullish  
  🇺🇸 ADEA         $32.67    +4.8%    -2.9%    +36.0%    61.6     67.7   0.1x     $24.42     $33.81   🟢 bullish  
  🇺🇸 COHR        $391.56    +4.7%   +18.7%    +64.4%    69.3     69.2   0.1x    $240.98    $391.27   🟢 bullish  
  🇺🇸 MRVL        $171.27    +4.1%    +4.6%    +72.9%    66.4     59.3   0.1x    $102.54    $174.31   ⚪ neutral  
  🇺🇸 MRNA          $51.2    -3.9%    +8.2%     +0.8%    51.8     44.3   0.1x     $44.53     $57.82   ⚪ neutral  
  🇺🇸 TXN         $303.82    +2.9%    +8.2%    +56.5%    78.7     72.4   0.1x    $193.58    $299.99   ⚪ neutral  
  🇨🇦 SHOP.TO     $133.39    -2.5%   -23.1%    -19.2%    31.9     26.2   0.1x    $136.08    $184.67   ⚪ neutral  
  🇺🇸 NVDA        $226.15    +2.4%   +13.9%    +29.7%    72.2     73.8   0.1x    $173.26     $224.4   ⚪ neutral  
  🇺🇸 AVGO        $409.39    -2.4%    -1.7%    +32.3%    54.6     36.8   0.1x     $307.5    $435.44   ⚪ neutral  
  🇺🇸 NET         $190.88    +2.2%   -14.8%     -7.5%    42.9     31.8   0.1x     $169.8    $252.92   ⚪ neutral  
  🇺🇸 NOW          $87.29    -1.9%    -5.1%    -16.5%    40.9     31.5   0.1x      $83.0    $105.33   ⚪ neutral  
  🇺🇸 CRWD        $553.85    +1.4%   +18.0%    +41.9%    77.7     81.9   0.1x    $376.36    $551.33   ⚪ neutral  
  🇺🇸 QCOM        $213.16    +1.4%   +26.6%    +65.5%    69.4     51.1   0.1x    $123.24    $235.32   ⚪ neutral  
  🇺🇸 MSFT        $402.61    -1.3%    -2.7%     +8.8%    46.1     30.4   0.1x    $365.92    $431.73   ⚪ neutral  
  🇺🇸 PANW        $217.82    +1.0%   +18.0%    +35.9%    80.2     82.8   0.1x    $154.47    $216.11   ⚪ neutral  
  🇨🇦 CSU.TO     $2424.95    +0.8%    -1.9%     -0.7%    46.4     44.8   0.1x   $2295.73    $2704.8   ⚪ neutral  
  🇺🇸 TSLA        $436.82    +0.8%   +11.3%    +17.5%    68.1     61.0   0.1x    $338.05    $445.59   ⚪ neutral  
  🇺🇸 AAPL        $296.89    +0.7%    +7.2%    +17.0%    74.6     74.9   0.1x    $249.89    $295.67   🟢 bullish  
  🇺🇸 AMAT        $428.25    -0.7%    +9.4%    +25.3%    59.6     50.0   0.1x    $341.39    $441.49   ⚪ neutral  
  🇺🇸 INTC        $121.29    +0.6%   +26.6%   +174.9%    75.4     53.7   0.1x     $46.96    $130.37   ⚪ neutral  
  🇺🇸 LRCX        $290.76    +0.5%   +12.4%    +36.1%    62.6     55.3   0.1x    $213.43    $298.62   ⚪ neutral  
  🇺🇸 META         $599.9    -0.5%    -1.7%     +4.9%    40.1     40.7   0.1x    $565.49     $685.8   ⚪ neutral  
  🇨🇦 ENB.TO       $75.54    +0.5%    +1.4%     +0.2%    60.4     65.3   0.1x     $70.65     $76.13   ⚪ neutral  
  🇺🇸 AMD          $446.5    -0.4%   +30.7%   +119.5%    76.6     59.7   0.1x    $207.28    $462.51   🟢 bullish  
  🇺🇸 ZS          $145.65    -0.4%    +2.4%     +3.8%    54.0     39.8   0.1x    $117.78    $153.04   ⚪ neutral  
  🇺🇸 GOOGL       $388.12    +0.2%    +1.3%    +35.0%    70.9     43.7   0.1x    $291.68    $400.65   ⚪ neutral  
  🇺🇸 ADI         $431.61    +2.9%    +8.7%    +35.7%    73.3     71.4   0.0x    $315.25    $425.41   🟢 bullish  
  🇺🇸 BKNG        $156.76    -2.4%    -5.3%     -6.9%    35.6     31.1   0.0x    $156.73     $193.2   ⚪ neutral  
  🇺🇸 WDAY        $115.92    -2.3%    -9.4%    -10.8%    41.1     24.8   0.0x    $111.47    $133.04   ⚪ neutral  
  🇨🇦 K.TO         $42.64    -2.0%    +8.5%     +0.3%    48.8     50.7   0.0x     $39.24     $47.85   ⚪ neutral  
  🇺🇸 ADBE        $236.29    -1.9%    -7.0%     -2.8%    42.0     21.7   0.0x    $226.11    $258.27   ⚪ neutral  
  🇨🇦 AEM.TO      $265.48    -1.8%    +8.5%     -6.0%    47.0     52.9   0.0x    $244.84    $306.98   ⚪ neutral  
  🇨🇦 BAM.TO       $65.65    -1.6%    +1.3%     +6.1%    51.4     39.1   0.0x     $60.13     $68.55   ⚪ neutral  
  🇨🇦 WPM.TO      $192.68    -1.6%   +14.0%     +5.5%    54.7     55.6   0.0x    $169.23    $207.62   ⚪ neutral  
  🇨🇦 FNV.TO       $320.8    -1.5%    +5.2%     -6.9%    44.9     52.7   0.0x    $305.13    $372.47   ⚪ neutral  
  🇨🇦 ABX.TO       $61.96    -1.4%   +18.8%     +9.0%    61.1     59.0   0.0x     $52.21     $63.99   ⚪ neutral  
  🇨🇦 BN.TO        $62.12    -1.4%    +1.4%    +10.2%    52.6     33.0   0.0x     $55.68     $64.85   ⚪ neutral  
  🇺🇸 NFLX         $86.57    -1.2%    -4.9%    -10.0%    37.0     40.4   0.0x     $85.73    $107.79   ⚪ neutral  
  🇺🇸 SNOW        $150.11    -1.2%    +4.1%     -0.5%    51.7     50.0   0.0x    $123.59    $157.18   ⚪ neutral  
  🇨🇦 WCN.TO      $205.05    -1.1%    -6.2%     -9.3%    32.6     33.5   0.0x    $205.69    $232.74   ⚪ neutral  
  🇨🇦 CNR.TO      $154.57    +0.8%    +3.8%     +8.0%    56.7     68.1   0.0x    $143.03    $157.82   ⚪ neutral  
  🇺🇸 ISRG        $428.28    -0.8%    -5.3%     -7.1%    36.1     38.0   0.0x    $421.58    $489.26   ⚪ neutral  
  🇺🇸 FTNT        $114.73    +0.8%   +28.6%    +40.4%    81.9     67.9   0.0x     $76.51    $115.78   ⚪ neutral  
  🇨🇦 BCE.TO       $33.77    +0.7%    +3.5%     -3.8%    57.6     62.9   0.0x     $31.81     $34.78   ⚪ neutral  
  🇺🇸 AMZN        $263.97    -0.7%    -3.0%    +26.7%    61.5     28.2   0.0x    $207.39    $277.66   ⚪ neutral  
  🇺🇸 DDOG         $198.6    -0.7%   +35.4%    +68.2%    82.2     63.9   0.0x     $104.2    $202.35   ⚪ neutral  
  🇺🇸 PEP         $150.97    -0.6%    -2.3%     -2.8%    40.9     40.9   0.0x    $149.37    $159.94   ⚪ neutral  
  🇨🇦 RY.TO       $248.48    -0.6%    +2.5%    +10.5%    63.9     55.6   0.0x    $225.85    $249.46   ⚪ neutral  
  🇺🇸 COST       $1027.17    +0.5%    +1.4%     +3.1%    58.9     65.6   0.0x    $970.43   $1032.52   ⚪ neutral  
  🇨🇦 ATD.TO       $78.27    -0.5%    -1.7%     -0.7%    47.8     41.5   0.0x     $75.35     $81.47   ⚪ neutral  
  🇨🇦 BMO.TO      $208.08    -0.5%    +1.9%    +10.4%    57.1     48.7   0.0x    $188.78    $211.94   ⚪ neutral  
  🇨🇦 RCI-B.TO     $49.58    -0.4%    +1.5%     -7.3%    50.9     40.0   0.0x     $44.48     $52.75   ⚪ neutral  
  🇨🇦 CP.TO       $118.06    +0.4%    +4.4%     +7.8%    57.3     65.9   0.0x     $107.7    $119.54   ⚪ neutral  
  🇨🇦 NTR.TO        $99.0    +0.4%    -4.1%     -5.7%    48.1     57.5   0.0x     $93.46     $107.3   ⚪ neutral  
  🇨🇦 TRP.TO       $91.17    +0.4%    +1.4%     +4.7%    64.9     67.2   0.0x     $81.41     $91.39   ⚪ neutral  
  🇨🇦 SLF.TO       $96.41    -0.3%    -1.8%    +10.6%    54.9     46.3   0.0x     $87.11    $100.06   ⚪ neutral  
  🇨🇦 CNQ.TO       $64.05    -0.3%    -1.1%     -5.6%    53.1     66.9   0.0x     $58.43      $68.0   ⚪ neutral  
  🇨🇦 CVE.TO       $41.21    +0.3%    +1.0%    +11.6%    66.8     69.4   0.0x     $33.43     $41.53   ⚪ neutral  
  🇨🇦 L.TO         $60.15    -0.3%    -3.0%     -5.2%    42.0     48.9   0.0x     $59.24     $65.18   ⚪ neutral  
  🇨🇦 PPL.TO       $64.18    +0.2%    +1.2%     +3.1%    65.6     68.6   0.0x      $57.5     $64.11   ⚪ neutral  
  🇨🇦 TD.TO       $147.86    +0.2%    +2.3%    +13.8%    66.5     61.8   0.0x    $130.89    $148.61   ⚪ neutral  
  🇺🇸 CME         $285.26    -0.2%    -1.7%     -3.4%    43.4     51.7   0.0x    $278.18     $309.6   🟢 bullish  
  🇺🇸 KLAC       $1814.41    +0.2%    +5.9%    +23.2%    55.8     53.8   0.0x   $1480.69   $1921.21   ⚪ neutral  
  🇨🇦 BNS.TO      $105.76    -0.2%    +1.4%     +9.6%    58.9     51.3   0.0x     $96.32     $107.4   ⚪ neutral  
  🇨🇦 CM.TO       $152.64    -0.2%    +2.0%    +15.8%    63.5     62.2   0.0x    $132.74    $153.97   ⚪ neutral  
  🇺🇸 SBUX         $106.7    +0.1%    +1.7%    +19.1%    66.4     58.4   0.0x     $89.15     $107.7   ⚪ neutral  
  🇨🇦 T.TO         $17.21    -0.1%    +0.3%     -3.7%    49.3     45.2   0.0x     $16.22     $18.01   ⚪ neutral  
  🇨🇦 MFC.TO       $54.84    +0.0%    +4.6%    +14.4%    67.7     59.2   0.0x     $48.01      $55.0   ⚪ neutral  
  🇨🇦 ARX.TO       $30.91    -0.0%    -2.8%     +6.8%    61.8     45.4   0.0x     $24.62     $32.23   ⚪ neutral  
  🇨🇦 DOL.TO       $175.0    +0.0%    +2.6%     +2.5%    51.0     59.3   0.0x    $168.33    $178.88   ⚪ neutral  
  🇨🇦 SU.TO        $91.12    -0.0%    -2.3%     -1.0%    55.4     60.9   0.0x     $83.01     $94.47   ⚪ neutral  
  🇨🇦 NA.TO       $207.42    -0.0%    +2.3%    +15.2%    67.3     58.6   0.0x    $182.49    $209.51   ⚪ neutral  
  🇺🇸 CUK          $27.47    +0.0%    +4.4%     +7.0%    52.8     80.9   0.0x     $23.94     $29.39   🟢 bullish  
                                                                                                                 

📊 Sector Rotation:
  ▲ semis        +0.91%
  ▲ megacap      +0.23%
  ▲ tsx_energy   +0.13%
  ▲ tsx_telecom  +0.08%
  ▼ tsx_banks    -0.18%

✅ 81 stocks found
127.0.0.1 - - [13/May/2026 09:38:18] "GET /api/scan?algo=largecap HTTP/1.1" 200 -
127.0.0.1 - - [13/May/2026 09:38:39] "GET /api/options?ticker=CME&dte=21 HTTP/1.1" 200 -
127.0.0.1 - - [13/May/2026 09:38:39] "GET /api/options?ticker=CME&dte=21 HTTP/1.1" 200 -

📡 Fetching real-time market news...

📰 Headlines (09:40)
  • Dow falls as wholesale prices jump, Nasdaq pushed higher by renewed chip stock rally: Live upda
  • Stock Market Today: Wholesale Prices Flash Another Warning Sign on Inflation — Live Updates - W
  • Stock market today: Dow, S&P 500, Nasdaq futures mixed as PPI inflation data comes in hot - Yah
  • Stock Market Today: Dow and S&P 500 set to ease and Nasdaq poised to rise as PPI accelerates an
  • S&P 500 Set to Open Up as Trump Flies to China - Barron's
  • Dow Futures Fall But Techs Rise As Nvidia, AI Winners Rally - Investor's Business Daily

🔍 Scanning 79 stocks...
2026-05-13 09:40:58,079 INFO scan started  force=False
2026-05-13 09:41:01,336 INFO universe=0 symbols  regime=daily fallback: 🟢 bull (SPY+XIU above 50DMA)
2026-05-13 09:41:01,338 INFO scan done  signals=0
127.0.0.1 - - [13/May/2026 09:41:09] "GET /api/intraday_scan HTTP/1.1" 200 -
                                             Small Cap $2–$40                                              
                                                                                                           
  Ticker        Price    Today       7d       30d   RSI D   RSI 1h    Vol   Support   Resist   Sentiment   
 ━━━━━━━━━━━━━━━━━━━━━━━━━━━━━━━━━━━━━━━━━━━━━━━━━━━━━━━━━━━━━━━━━━━━━━━━━━━━━━━━━━━━━━━━━━━━━━━━━━━━━━━━━ 
  🇺🇸 LIVE      $13.42    +0.5%    +2.0%     +9.9%    50.8     59.4   4.7x    $11.99   $14.47   🟢 bullish  
  🇺🇸 EOSE       $9.87   +21.9%   +54.7%    +99.0%    70.0     67.9   1.4x     $4.55    $9.19   🟢 bullish  
  🇺🇸 ICL        $6.82    +6.9%   +23.3%    +31.7%    79.3     78.4   0.5x     $5.14     $6.6   🟢 bullish  
  🇺🇸 JD        $33.01    +4.8%    +9.9%    +11.6%    70.3     85.9   0.5x    $28.09   $32.37   🟢 bullish  
  🇺🇸 KC         $16.9   +10.4%   +11.1%    +26.5%    57.6     66.4   0.3x    $13.34   $18.22   🟢 bullish  
  🇺🇸 HSAI      $22.92    +7.2%    +6.0%    +19.9%    53.8     63.5   0.2x    $19.87   $24.62   🟢 bullish  
  🇺🇸 HIMX      $20.45    +7.0%   +76.9%   +159.9%    78.2     62.9   0.2x     $7.92   $20.94   🟢 bullish  
  🇺🇸 LUNR      $34.29    +6.9%   +35.3%    +84.8%    70.2     71.2   0.2x    $20.08   $33.76   🟢 bullish  
  🇺🇸 NIO        $6.33    +4.0%    +4.2%     +4.9%    55.7     75.5   0.2x     $5.77    $6.89   ⚪ neutral  
  🇨🇦 VET.TO    $17.27    +0.9%    -6.1%     -9.9%    50.6     61.2   0.2x    $15.48   $19.34   ⚪ neutral  
  🇺🇸 ADEA      $32.67    +4.8%    -2.9%    +36.0%    61.6     66.6   0.1x    $24.42   $33.81   🟢 bullish  
  🇺🇸 PINS      $19.72    -4.1%    -5.4%     +7.5%    47.6     26.6   0.1x    $17.47   $22.96   ⚪ neutral  
  🇺🇸 RKT       $14.29    -3.4%    +2.0%     +0.3%    44.3     40.2   0.1x    $13.86   $17.18   ⚪ neutral  
  🇺🇸 SOFI      $15.37    -3.3%    -5.1%     -3.2%    37.7     35.5   0.1x    $15.24   $19.85   ⚪ neutral  
  🇺🇸 UPST      $26.92    -3.3%   -16.1%     +5.0%    37.4     22.7   0.1x    $25.04   $35.57   ⚪ neutral  
  🇨🇦 NXE.TO     $16.5    -2.2%    -2.6%     +2.2%    48.0     42.1   0.1x    $15.43   $18.03   ⚪ neutral  
  🇺🇸 ASX       $34.97    +2.0%    +8.3%    +61.3%    72.7     61.7   0.1x    $21.86   $35.14   🟢 bullish  
  🇺🇸 CLOV       $3.35    +2.0%   +26.2%    +90.1%    83.7     72.2   0.1x     $1.66    $3.34   ⚪ neutral  
  🇨🇦 HIVE.TO    $3.81    -1.8%    +8.2%    +16.2%     n/a      n/a   0.1x     $3.23    $4.13   ⚪ neutral  
  🇨🇦 LSPD.TO    $12.2    -1.8%    -6.2%     -1.9%    42.1     25.8   0.1x    $11.64   $13.71   ⚪ neutral  
  🇺🇸 OPEN       $4.79    +1.6%    -6.7%     +2.2%    43.1     45.7   0.1x     $4.24     $5.8   ⚪ neutral  
  🇨🇦 DCBO.TO   $23.59    -1.4%   -18.2%     -3.2%    43.1     24.7   0.1x    $20.41   $29.09   ⚪ neutral  
  🇺🇸 MARA      $12.55    -1.3%    +6.1%    +53.9%    60.5     48.2   0.1x     $7.94   $13.42   ⚪ neutral  
  🇺🇸 AI         $8.68    -1.2%    -5.9%     +3.1%    43.5     23.0   0.1x     $8.12    $9.89   🟢 bullish  
  🇨🇦 SDE.TO    $13.19    -1.1%    -3.6%     +1.5%    56.6     57.8   0.1x    $10.84   $13.99   ⚪ neutral  
  🇺🇸 CLSK      $13.34    -1.0%    +4.1%    +56.8%    58.8     46.0   0.1x     $8.38   $14.71   ⚪ neutral  
  🇨🇦 GTE.TO    $12.86    +0.9%    -0.9%     +2.7%    59.7     60.9   0.1x    $10.14   $13.02   ⚪ neutral  
  🇺🇸 XPEV      $16.04    -0.7%    +0.4%     -6.3%    43.6     54.2   0.1x     $15.5   $18.31   ⚪ neutral  
  🇺🇸 BMBL       $3.34    -0.6%   -21.8%     +2.5%    37.9     33.9   0.1x     $3.24    $4.53   ⚪ neutral  
  🇨🇦 BIR.TO      $6.4    -0.5%    -1.7%    -16.2%    49.6     46.1   0.1x     $5.73    $7.12   ⚪ neutral  
  🇺🇸 SOUN       $8.03    -0.4%   -15.2%    +16.9%    48.4     35.3   0.1x     $6.29    $9.79   ⚪ neutral  
  🇺🇸 RIOT      $24.59    +0.3%   +31.6%    +98.9%    72.7     57.1   0.1x    $12.37   $25.23   ⚪ neutral  
  🇺🇸 BBAI       $4.18    -0.2%    +0.3%    +18.8%    56.5     49.3   0.1x     $3.25    $4.42   ⚪ neutral  
  🇨🇦 BTE.TO     $6.73    -0.1%    -3.2%     +8.2%    58.6     52.6   0.1x     $5.47    $7.06   ⚪ neutral  
  🇺🇸 RIVN      $13.97    +0.1%    -3.7%     -7.2%    34.4     44.3   0.1x    $13.78   $17.88   ⚪ neutral  
  🇨🇦 CRON.TO    $3.79    -0.1%    +4.3%     +7.5%    58.2     61.3   0.1x     $3.45    $4.15   ⚪ neutral  
  🇨🇦 WCP.TO    $16.09    -0.1%    +0.1%     +2.5%    61.0     56.8   0.1x    $13.85   $16.33   ⚪ neutral  
  🇺🇸 CIFR      $20.07    +0.1%   +12.2%    +55.9%    58.2     51.1   0.1x     $12.4   $22.32   ⚪ neutral  
  🇺🇸 UWMC       $3.16    -2.8%   -10.7%    -12.7%    31.9     41.3   0.0x     $3.12    $4.01   ⚪ neutral  
  🇺🇸 DKNG      $23.94    -2.7%    +1.6%    +10.7%    52.0     39.1   0.0x    $21.69   $26.07   ⚪ neutral  
  🇺🇸 SNAP       $5.43    -2.1%   -11.9%    +18.2%    44.7     31.2   0.0x     $4.58    $6.33   ⚪ neutral  
  🇺🇸 LCID       $5.91    -1.7%   -11.7%    -38.0%    34.1     40.7   0.0x     $5.67    $9.96   ⚪ neutral  
  🇺🇸 SENS       $5.67    -1.5%   +13.3%    -14.8%    42.8     56.8   0.0x     $4.83    $7.34   ⚪ neutral  
  🇺🇸 BB         $6.14    -1.2%   +10.1%    +89.7%    74.0     47.0   0.0x     $3.31    $6.47   ⚪ neutral  
  🇨🇦 MAU.TO    $15.21    -1.0%   +13.8%     -3.9%    55.3     61.9   0.0x    $13.12    $17.1   ⚪ neutral  
  🇺🇸 GRAB        $3.6    -1.0%    -0.4%     -1.5%    37.9     39.9   0.0x     $3.51    $4.26   ⚪ neutral  
  🇨🇦 BB.TO      $8.43    -0.9%   +10.6%    +86.9%    73.6     47.6   0.0x      $4.6    $8.85   ⚪ neutral  
  🇨🇦 AAV.TO     $9.88    -0.7%    -4.1%    -12.0%    43.9     37.2   0.0x     $9.33   $10.81   ⚪ neutral  
  🇨🇦 TLRY.TO    $7.35    -0.7%    -9.0%    -18.1%    32.1     36.5   0.0x     $7.38   $11.34   ⚪ neutral  
  🇨🇦 ACB.TO     $4.56    -0.7%    -1.9%     -0.4%    44.8     36.2   0.0x     $4.46    $5.46   ⚪ neutral  
  🇺🇸 WKHS       $3.44    +0.6%    +6.8%    +13.9%    56.7     47.2   0.0x     $2.34    $4.07   ⚪ neutral  
  🇨🇦 TVE.TO     $12.5    -0.3%    -2.6%     +8.7%    59.0     54.9   0.0x    $10.42   $13.13   ⚪ neutral  
  🇨🇦 ARX.TO    $30.91    -0.0%    -2.8%     +6.8%    61.8     43.8   0.0x    $24.62   $32.23   ⚪ neutral  
  🇺🇸 CUK       $27.47    +0.0%    +4.4%     +7.0%    52.8     80.9   0.0x    $23.94   $29.39   🟢 bullish  
                                                                                                           

📊 Sector Rotation:
  ▲ energy       +0.26%
  ▼ ev           -0.31%
  ▼ crypto       -0.47%
  ▼ cannabis     -0.49%
  ▼ ai_tech      -0.60%

✅ 54 stocks found
127.0.0.1 - - [13/May/2026 09:43:55] "GET /api/scan?algo=smallcap HTTP/1.1" 200 -

📡 Fetching real-time market news...

📰 Headlines (09:44)
  • US Stock Market Today S&P 500 Futures Rise As Inflation Jitters Persist - simplywall.st
  • These S&P500 stocks are moving in today's session - ChartMill
  • Does Michael Burry Know Something Wall Street Doesn't? As the S&P 500 Climbs, the Investor of "
  • Energy Leads S&P 500 to Another New High: Stock Market Today - Kiplinger
  • Curious about the most active S&P500 stocks in today's session? - ChartMill
  • The 3 Best S&P 500 Stocks to Buy Now - The Motley Fool

🔍 Scanning 131 stocks...
                                          S&P 500 / NASDAQ $5–$10000                                          
                                                                                                              
  Ticker        Price    Today       7d       30d   RSI D   RSI 1h    Vol    Support     Resist   Sentiment   
 ━━━━━━━━━━━━━━━━━━━━━━━━━━━━━━━━━━━━━━━━━━━━━━━━━━━━━━━━━━━━━━━━━━━━━━━━━━━━━━━━━━━━━━━━━━━━━━━━━━━━━━━━━━━━ 
  🇺🇸 LIVE      $13.42    +0.5%    +2.0%     +9.9%    50.8     59.4   4.7x     $11.99     $14.47   🟢 bullish  
  🇺🇸 MIRM     $112.94    +5.7%    +6.8%    +22.3%    67.9     70.3   3.0x     $89.84    $111.95   🟢 bullish  
  🇺🇸 EOSE       $8.86    +9.4%   +38.9%    +78.6%    65.2     67.9   1.7x      $4.55      $9.19   🟢 bullish  
  🇺🇸 NBIS     $202.77   +13.2%   +14.9%    +95.4%    68.5     65.2   0.7x    $101.66    $201.45   🟢 bullish  
  🇺🇸 ICL        $6.82    +6.9%   +23.3%    +31.7%    79.3     78.4   0.5x      $5.14       $6.6   🟢 bullish  
  🇺🇸 JD        $33.01    +4.8%    +9.9%    +11.6%    70.3     85.9   0.5x     $28.09     $32.37   🟢 bullish  
  🇺🇸 KC         $16.9   +10.4%   +11.1%    +26.5%    57.6     66.4   0.3x     $13.34     $18.22   🟢 bullish  
  🇺🇸 AAOI      $197.2    +4.7%   +14.0%   +133.1%    64.2     65.3   0.3x     $90.54    $204.29   🟢 bullish  
  🇺🇸 MRVL     $177.56    +7.9%    +8.5%    +79.3%    69.2     66.9   0.2x    $102.54    $176.06   🟢 bullish  
  🇺🇸 HSAI      $22.92    +7.2%    +6.0%    +19.9%    53.8     63.5   0.2x     $19.87     $24.62   🟢 bullish  
  🇺🇸 HIMX      $20.45    +7.0%   +76.9%   +159.9%    78.2     62.9   0.2x      $7.92     $20.94   🟢 bullish  
  🇺🇸 LUNR      $34.29    +6.9%   +35.3%    +84.8%    70.2     71.2   0.2x     $20.08     $33.76   🟢 bullish  
  🇺🇸 ADEA      $32.56    +4.4%    -3.2%    +35.5%    61.3     66.6   0.2x     $24.42     $33.81   🟢 bullish  
  🇺🇸 MU       $799.97    +4.4%   +38.8%   +136.8%    81.1     65.7   0.2x     $349.1    $805.46   ⚪ neutral  
  🇺🇸 NVDA     $225.14    +2.0%   +13.4%    +29.1%    71.7     72.4   0.2x    $173.26     $224.4   ⚪ neutral  
  🇺🇸 QCOM     $213.75    +1.6%   +26.9%    +66.0%    69.6     50.6   0.2x    $123.24    $235.32   ⚪ neutral  
  🇺🇸 ON       $112.64    +8.2%   +10.4%    +81.9%    74.6     68.8   0.1x      $61.2    $108.94   🟢 bullish  
  🇺🇸 MXL       $97.75    +6.3%   +25.1%   +462.1%    79.2     54.4   0.1x     $17.36    $103.19   🟢 bullish  
  🇺🇸 MRNA       $50.5    -5.2%    +6.8%     -0.6%    50.2     42.2   0.1x     $44.53     $57.82   ⚪ neutral  
  🇺🇸 TXN      $308.38    +4.5%    +9.8%    +58.8%    79.9     75.5   0.1x    $193.58    $301.12   ⚪ neutral  
  🇺🇸 MP        $62.83    -4.2%    -5.1%    +30.2%    49.2     34.1   0.1x     $47.32     $74.49   ⚪ neutral  
  🇺🇸 PINS      $19.72    -4.1%    -5.4%     +7.5%    47.6     26.6   0.1x     $17.47     $22.96   ⚪ neutral  
  🇺🇸 DASH     $148.97    -4.0%   -13.7%     -0.8%    34.2     23.8   0.1x    $147.69    $190.05   ⚪ neutral  
  🇺🇸 ADI      $434.84    +3.6%    +9.5%    +36.7%    74.1     73.2   0.1x    $315.25    $426.45   ⚪ neutral  
  🇺🇸 COIN     $200.49    -3.4%    -1.2%    +14.8%    53.1     44.6   0.1x    $163.67    $217.45   ⚪ neutral  
  🇺🇸 INTU     $374.87    -3.3%    -7.9%    -13.3%    41.5     28.6   0.1x    $349.56    $430.28   ⚪ neutral  
  🇺🇸 WDAY     $115.44    -2.7%    -9.7%    -11.1%    40.7     24.5   0.1x    $111.47    $133.04   ⚪ neutral  
  🇺🇸 SNOW     $147.96    -2.6%    +2.6%     -1.9%    49.7     44.6   0.1x    $123.59    $157.18   ⚪ neutral  
  🇺🇸 NOW       $86.65    -2.6%    -5.8%    -17.1%    40.2     30.0   0.1x      $83.0    $105.33   ⚪ neutral  
  🇺🇸 NOC       $544.1    -2.5%    -4.0%    -20.2%    22.9     38.7   0.1x    $544.15     $704.6   ⚪ neutral  
  🇺🇸 BKNG     $156.57    -2.5%    -5.4%     -7.0%    35.5     31.1   0.1x    $156.67     $193.2   ⚪ neutral  
  🇺🇸 UBER      $74.48    -2.5%    +0.8%     +3.6%    48.7     39.4   0.1x     $69.87      $79.9   ⚪ neutral  
  🇺🇸 RBLX      $40.56    -2.4%   -14.7%    -28.3%    27.5     30.9   0.1x     $40.98     $63.47   ⚪ neutral  
  🇺🇸 HUBS     $175.66    -2.2%   -29.0%    -28.0%    31.5     19.7   0.1x    $178.28    $252.33   ⚪ neutral  
  🇺🇸 AVGO     $410.24    -2.2%    -1.5%    +32.5%    55.0     38.0   0.1x     $307.5    $435.44   ⚪ neutral  
  🇺🇸 MPWR    $1633.04    +2.1%    +3.8%    +49.4%    62.3     58.1   0.1x   $1098.31   $1662.59   ⚪ neutral  
  🇺🇸 HD       $304.15    -2.0%    -2.6%     -7.5%    32.2     26.3   0.1x    $307.44    $352.25   ⚪ neutral  
  🇺🇸 ADBE     $235.96    -2.0%    -7.1%     -2.9%    41.8     21.1   0.1x    $226.11    $258.27   ⚪ neutral  
  🇺🇸 JNJ      $228.49    +1.9%    +1.9%     -6.5%    48.4     67.0   0.1x    $220.64     $246.2   ⚪ neutral  
  🇺🇸 LMT      $511.49    -1.8%    -1.3%    -15.4%    32.6     45.1   0.1x    $501.57     $637.2   ⚪ neutral  
  🇺🇸 ALB      $201.92    -1.8%    +5.9%    +12.5%    56.2     44.0   0.1x    $170.71     $218.6   ⚪ neutral  
  🇺🇸 PYPL      $44.65    -1.7%   -11.4%     -1.3%    36.9     38.1   0.1x     $44.01     $51.89   ⚪ neutral  
  🇺🇸 RDDT      $149.9    -1.6%   -11.3%    +11.3%    46.3     30.7   0.1x    $132.29    $175.14   ⚪ neutral  
  🇺🇸 LLY     $1005.41    +1.6%    +3.9%     +9.3%    62.1     67.5   0.1x    $860.63    $1000.0   ⚪ neutral  
  🇺🇸 COST     $1037.4    +1.5%    +2.4%     +4.1%    61.9     72.0   0.1x    $970.43   $1034.87   ⚪ neutral  
  🇺🇸 NKE       $41.71    -1.5%    -3.2%    -21.0%    28.9     22.5   0.1x     $41.95     $46.92   ⚪ neutral  
  🇺🇸 OXY        $55.5    -1.4%    -7.9%    -14.6%    45.6     47.1   0.1x     $52.71     $65.29   ⚪ neutral  
  🇺🇸 MSFT      $402.3    -1.3%    -2.7%     +8.7%    45.9     30.3   0.1x    $365.92    $431.73   ⚪ neutral  
  🇺🇸 CRWD     $552.96    +1.2%   +17.8%    +41.6%    77.6     77.7   0.1x    $376.36    $551.33   ⚪ neutral  
  🇺🇸 ZS       $144.36    -1.2%    +1.5%     +2.9%    52.7     36.7   0.1x    $117.78    $153.04   ⚪ neutral  
  🇺🇸 WMT      $131.94    +1.2%    +1.2%     +6.2%    58.7     64.5   0.1x    $121.89    $132.75   ⚪ neutral  
  🇺🇸 NEM       $118.3    -1.2%    +9.2%     +9.3%    55.6     53.0   0.1x    $107.38    $121.73   ⚪ neutral  
  🇺🇸 DG       $101.84    -1.1%   -11.0%    -14.2%    23.8     19.0   0.1x    $102.58    $127.13   ⚪ neutral  
  🇺🇸 CAT      $902.12    -1.1%    +3.1%    +27.3%    63.4     46.8   0.1x    $706.22     $930.3   ⚪ neutral  
  🇺🇸 GS       $935.86    -1.1%    +3.6%    +10.6%    56.3     50.1   0.1x    $843.72     $950.1   ⚪ neutral  
  🇺🇸 JPM      $301.89    -1.0%    -1.9%     +2.6%    45.1     44.8   0.1x    $291.44    $317.89   ⚪ neutral  
  🇺🇸 NFLX      $86.87    -0.9%    -4.6%     -9.7%    37.5     44.5   0.1x     $85.73    $107.79   ⚪ neutral  
  🇺🇸 AMD      $444.33    -0.9%   +30.1%   +118.4%    75.9     58.0   0.1x    $207.28    $462.51   ⚪ neutral  
  🇺🇸 DE       $584.08    -0.9%    +1.0%     +3.7%    50.9     49.0   0.1x    $557.99    $615.96   ⚪ neutral  
  🇺🇸 MA       $495.45    -0.9%    -1.8%     -0.8%    45.1     41.4   0.1x    $487.71    $528.72   ⚪ neutral  
  🇺🇸 BA       $234.83    -0.9%    +6.1%    +18.0%    58.6     50.5   0.1x    $204.24    $239.59   ⚪ neutral  
  🇺🇸 CMCSA     $24.69    -0.8%    -8.8%    -14.0%    29.1     24.7   0.1x     $24.73     $31.08   ⚪ neutral  
  🇺🇸 V        $323.75    -0.8%    -0.9%     +7.1%    56.5     49.3   0.1x     $296.4    $336.78   ⚪ neutral  
  🇺🇸 PANW     $217.22    +0.8%   +17.7%    +35.5%    80.0     81.7   0.1x    $154.47    $216.26   ⚪ neutral  
  🇺🇸 KO        $80.62    +0.7%    +3.1%     +6.0%    66.1     76.2   0.1x     $74.63     $80.44   ⚪ neutral  
  🇺🇸 REGN     $728.41    +0.7%    +2.7%     -5.7%    48.9     66.8   0.1x    $685.68    $776.43   ⚪ neutral  
  🇺🇸 NET      $188.05    +0.7%   -16.1%     -8.9%    41.7     25.2   0.1x     $169.8    $252.92   ⚪ neutral  
  🇺🇸 ISRG     $429.17    -0.6%    -5.1%     -6.9%    36.4     38.3   0.1x    $421.47    $489.26   ⚪ neutral  
  🇺🇸 AAPL     $296.64    +0.6%    +7.2%    +16.9%    74.4     74.1   0.1x    $249.89    $295.85   ⚪ neutral  
  🇺🇸 BAC       $50.49    -0.6%    -3.2%     +3.6%    40.6     36.8   0.1x     $48.73     $54.88   ⚪ neutral  
  🇺🇸 LRCX     $290.87    +0.6%   +12.5%    +36.1%    62.7     54.3   0.1x    $213.43    $298.62   ⚪ neutral  
  🇺🇸 TSLA     $435.65    +0.5%   +11.0%    +17.2%    67.8     59.0   0.1x    $338.05    $445.59   ⚪ neutral  
  🇺🇸 INTC     $120.01    -0.5%   +25.3%   +171.9%    74.5     50.9   0.1x     $46.96    $130.37   ⚪ neutral  
  🇺🇸 AMAT     $429.46    -0.4%    +9.7%    +25.7%    60.1     51.5   0.1x    $341.39    $441.49   ⚪ neutral  
  🇺🇸 MCD      $275.76    +0.3%    -2.9%    -11.3%    26.7     43.8   0.1x    $273.33    $312.06   ⚪ neutral  
  🇺🇸 MPC      $251.18    -0.3%    -0.5%     +2.9%    60.2     49.6   0.1x    $212.33    $258.05   ⚪ neutral  
  🇺🇸 GOOGL    $388.56    +0.3%    +1.4%    +35.1%    71.1     45.4   0.1x    $291.68    $400.65   ⚪ neutral  
  🇺🇸 META     $601.18    -0.3%    -1.5%     +5.1%    40.5     44.0   0.1x    $565.49     $685.8   ⚪ neutral  
  🇺🇸 AMZN     $265.21    -0.2%    -2.5%    +27.3%    63.4     32.4   0.1x    $207.39    $277.66   ⚪ neutral  
  🇺🇸 FCX       $66.16    +0.2%   +19.1%    +12.6%    59.8     73.4   0.1x     $56.08      $70.8   ⚪ neutral  
  🇺🇸 UNH      $396.37    -0.0%    +6.9%    +46.5%    84.8     83.1   0.1x    $273.18    $393.21   ⚪ neutral  
  🇺🇸 TEAM      $82.16    -3.3%   -11.8%    +20.4%    54.0     32.7   0.0x     $56.68     $95.07   ⚪ neutral  
  🇺🇸 SNAP       $5.43    -2.1%   -11.9%    +18.2%    44.7     31.2   0.0x      $4.58      $6.33   ⚪ neutral  
  🇺🇸 GE       $291.65    -1.9%    +4.0%     +2.8%    47.8     37.7   0.0x    $273.15    $317.59   ⚪ neutral  
  🇺🇸 RTX       $175.4    -1.9%    +1.4%     -9.1%    37.3     42.3   0.0x    $171.54    $204.49   ⚪ neutral  
  🇺🇸 ABNB     $132.91    -1.9%    -4.3%     +5.3%    41.6     27.6   0.0x     $122.6    $146.84   ⚪ neutral  
  🇺🇸 NXPI     $299.71    +1.9%    +3.1%    +52.2%    69.2     57.0   0.0x    $191.74    $304.51   ⚪ neutral  
  🇺🇸 TGT      $119.54    -1.9%    -6.4%     -1.4%    40.9     37.5   0.0x    $117.29    $132.53   ⚪ neutral  
  🇺🇸 DLTR      $87.42    -1.8%    -7.1%    -20.2%    28.1     28.6   0.0x     $88.26    $110.83   ⚪ neutral  
  🇺🇸 SLB       $54.68    -1.7%    -1.7%     +6.4%    53.3     48.6   0.0x     $49.07     $57.07   ⚪ neutral  
  🇺🇸 AXP      $309.25    -1.6%    -3.1%     +2.2%    41.9     32.1   0.0x    $296.87     $337.6   ⚪ neutral  
  🇺🇸 LOW      $220.96    -1.6%    -1.2%     -6.5%    34.9     26.0   0.0x    $222.37    $255.76   ⚪ neutral  
  🇺🇸 COP      $116.14    -1.5%    -7.0%    -12.0%    42.2     44.2   0.0x    $113.21    $133.28   ⚪ neutral  
  🇺🇸 VEEV     $157.19    -1.4%    -7.7%    -10.5%    40.0     27.2   0.0x    $150.51    $178.07   ⚪ neutral  
  🇺🇸 DDOG     $197.17    -1.4%   +34.4%    +67.0%    80.8     59.3   0.0x     $104.2    $202.35   ⚪ neutral  
  🇺🇸 DIS      $104.69    -1.4%    +3.3%     +8.6%    53.0     44.7   0.0x     $95.51    $109.61   ⚪ neutral  
  🇺🇸 DXCM      $60.33    -1.3%    +0.5%     -3.9%    44.9     52.6   0.0x     $57.58     $66.15   ⚪ neutral  
  🇺🇸 WFC       $74.21    -1.3%    -6.3%     -6.8%    34.3     36.4   0.0x     $73.32     $86.25   ⚪ neutral  
  🇺🇸 MDT       $75.86    -1.2%    -3.1%    -12.4%    31.5     43.1   0.0x      $74.8     $88.69   ⚪ neutral  
  🇺🇸 HAL        $41.2    -1.2%    -1.9%     +5.7%    57.6     57.3   0.0x     $35.93     $42.35   ⚪ neutral  
  🇺🇸 ABT       $83.41    -1.1%    -4.7%    -18.8%    26.4     39.9   0.0x     $82.58     $103.7   ⚪ neutral  
  🇺🇸 EOG      $132.71    -1.1%    -6.3%     -8.2%    45.6     42.9   0.0x    $127.05    $145.85   ⚪ neutral  
  🇺🇸 COF      $181.93    -1.0%    -4.2%     -0.3%    36.1     32.0   0.0x    $179.76    $209.57   ⚪ neutral  
  🇺🇸 VLO      $244.73    -1.0%    -2.7%     -1.0%    53.2     46.6   0.0x    $220.77    $254.67   ⚪ neutral  
  🇺🇸 CSX       $44.95    +0.9%    +0.5%     +9.5%    57.9     58.0   0.0x     $40.73     $46.24   ⚪ neutral  
  🇺🇸 GILD     $133.72    -0.9%    +0.8%     -4.1%    47.0     48.6   0.0x    $127.87    $142.31   ⚪ neutral  
  🇺🇸 MS       $190.23    -0.9%    +1.2%    +15.6%    57.1     47.8   0.0x    $163.02    $194.56   ⚪ neutral  
  🇺🇸 PSX      $174.12    -0.8%    -2.4%     -4.4%    54.6     46.8   0.0x     $154.6    $181.32   ⚪ neutral  
  🇺🇸 SNPS     $509.76    -0.7%    +2.5%    +28.6%    67.0     42.8   0.0x    $387.85    $518.66   ⚪ neutral  
  🇺🇸 T         $25.39    +0.7%    -2.7%    -12.4%    41.0     57.2   0.0x     $24.82     $28.71   ⚪ neutral  
  🇺🇸 CVX      $184.92    -0.6%    -3.8%    -10.6%    44.0     47.7   0.0x    $179.34    $204.96   ⚪ neutral  
  🇺🇸 FTNT      $114.5    +0.6%   +28.3%    +40.1%    81.8     67.0   0.0x     $76.51    $115.78   ⚪ neutral  
  🇺🇸 NUE      $230.97    +0.5%    +2.3%    +36.6%    72.4     55.2   0.0x    $169.22    $234.37   ⚪ neutral  
  🇺🇸 NSC      $313.67    +0.4%    +0.6%     +9.3%    57.2     55.3   0.0x     $286.1    $322.25   ⚪ neutral  
  🇺🇸 HON      $217.91    -0.3%    +4.0%     -3.6%    47.5     56.6   0.0x    $208.22    $236.55   ⚪ neutral  
  🇺🇸 ABBV     $208.36    +0.2%    +0.1%     -4.2%    52.7     61.2   0.0x    $194.47    $216.63   ⚪ neutral  
  🇺🇸 PEP      $152.17    +0.2%    -1.6%     -2.0%    43.3     48.8   0.0x    $149.37    $159.94   ⚪ neutral  
  🇺🇸 XOM      $150.36    -0.2%    -2.2%    -11.4%    47.6     57.5   0.0x    $143.36    $167.05   ⚪ neutral  
  🇺🇸 KLAC    $1814.01    +0.1%    +5.9%    +23.2%    55.8     53.0   0.0x   $1480.69   $1921.21   ⚪ neutral  
  🇺🇸 CDNS     $357.62    -0.1%    +2.3%    +28.7%    67.3     44.5   0.0x    $266.65    $364.24   ⚪ neutral  
  🇺🇸 UPS       $98.34    -0.1%    +2.1%     -0.0%    41.1     43.4   0.0x     $95.71    $109.16   ⚪ neutral  
  🇺🇸 VZ        $47.89    -0.1%    +0.7%     -4.6%    53.3     62.2   0.0x     $44.75     $49.93   ⚪ neutral  
  🇺🇸 FDX      $376.19    -0.1%    +5.1%     +5.6%    49.1     54.7   0.0x    $354.17    $402.52   ⚪ neutral  
  🇺🇸 SBUX     $106.54    -0.0%    +1.5%    +18.9%    66.0     57.4   0.0x     $89.15     $107.7   ⚪ neutral  
  🇺🇸 AMGN     $336.23    -0.0%    +3.8%     -4.4%    45.7     63.9   0.0x    $322.36    $357.97   ⚪ neutral  
  🇺🇸 CUK       $27.47    +0.0%    +4.4%     +7.0%    52.8     80.9   0.0x     $23.94     $29.39   🟢 bullish  
                                                                                                              

📊 Sector Rotation:
  ▲ semis        +2.55%
  ▼ megacap      -0.08%
  ▼ healthcare   -0.50%
  ▼ industrials  -0.85%
  ▼ energy       -0.96%

✅ 126 stocks found
127.0.0.1 - - [13/May/2026 09:45:59] "GET /api/scan?algo=spx HTTP/1.1" 200 -
2026-05-13 09:46:07,774 INFO scan started  force=False
127.0.0.1 - - [13/May/2026 09:46:10] "GET /api/intraday_scan HTTP/1.1" 200 -
2026-05-13 09:46:11,350 INFO universe=0 symbols  regime=daily fallback: 🟢 bull (SPY+XIU above 50DMA)
2026-05-13 09:46:11,351 INFO scan done  signals=0
2026-05-13 09:47:33,727 INFO scan started  force=True
127.0.0.1 - - [13/May/2026 09:47:33] "POST /api/intraday_force_scan HTTP/1.1" 200 -
2026-05-13 09:47:37,277 INFO universe=0 symbols  regime=daily fallback: 🟢 bull (SPY+XIU above 50DMA)
2026-05-13 09:47:37,277 INFO scan done  signals=0
127.0.0.1 - - [13/May/2026 09:47:42] "GET /api/intraday_scan HTTP/1.1" 200 -
2026-05-13 09:51:16,398 INFO scan started  force=False
2026-05-13 09:51:19,384 INFO universe=0 symbols  regime=daily fallback: 🟢 bull (SPY+XIU above 50DMA)
2026-05-13 09:51:19,384 INFO scan done  signals=0
2026-05-13 09:56:23,150 INFO scan started  force=False
2026-05-13 09:56:26,383 INFO universe=0 symbols  regime=daily fallback: 🟢 bull (SPY+XIU above 50DMA)
2026-05-13 09:56:26,383 INFO scan done  signals=0
127.0.0.1 - - [13/May/2026 09:58:18] "GET /api/intraday_scan HTTP/1.1" 200 -
127.0.0.1 - - [13/May/2026 09:58:18] "GET /api/intraday_scan HTTP/1.1" 200 -
2026-05-13 09:58:22,659 INFO scan started  force=True
127.0.0.1 - - [13/May/2026 09:58:22] "POST /api/intraday_force_scan HTTP/1.1" 200 -
2026-05-13 09:58:26,174 INFO universe=2 symbols  regime=daily fallback: 🟢 bull (SPY+XIU above 50DMA)
2026-05-13 09:58:26,693 INFO scan done  signals=0
127.0.0.1 - - [13/May/2026 09:58:30] "GET /api/intraday_scan HTTP/1.1" 200 -
2026-05-13 10:00:20,467 INFO scan started  force=False
2026-05-13 10:00:23,904 INFO universe=21 symbols  regime=🟢 intraday bull — SPY above VWAP + EMA9>21
2026-05-13 10:00:27,020 INFO signal  UPST PUT  score=88  grade=A
2026-05-13 10:00:27,190 INFO signal  ROKU PUT  score=73  grade=B
2026-05-13 10:00:27,193 INFO signal  MRVL CALL  score=92  grade=S
2026-05-13 10:00:29,880 INFO signal  SNAP PUT  score=73  grade=B
2026-05-13 10:00:30,064 INFO signal  V PUT  score=83  grade=A
2026-05-13 10:00:30,333 INFO signal  ABNB PUT  score=83  grade=A
2026-05-13 10:00:30,558 INFO signal  ADBE PUT  score=94  grade=S
2026-05-13 10:00:32,666 INFO signal  SMCI PUT  score=83  grade=A
2026-05-13 10:00:32,781 INFO signal  QCOM PUT  score=95  grade=S
2026-05-13 10:00:32,936 INFO scan done  signals=9
2026-05-13 10:05:38,195 INFO scan started  force=False
2026-05-13 10:05:41,616 INFO universe=27 symbols  regime=🟢 intraday bull — SPY above VWAP + EMA9>21
2026-05-13 10:05:44,460 INFO signal  TSLA CALL  score=98  grade=S
2026-05-13 10:05:44,596 INFO signal  AFRM PUT  score=93  grade=S
2026-05-13 10:05:44,747 INFO signal  VRTX PUT  score=69  grade=B
2026-05-13 10:05:44,750 INFO signal  JPM PUT  score=98  grade=S
2026-05-13 10:05:44,867 INFO signal  PENN CALL  score=73  grade=B
2026-05-13 10:05:47,542 INFO signal  LLY PUT  score=86  grade=A
2026-05-13 10:05:47,655 INFO signal  XOM CALL  score=71  grade=B
2026-05-13 10:05:47,657 INFO signal  GOOGL CALL  score=78  grade=B
2026-05-13 10:05:50,379 INFO signal  MS CALL  score=76  grade=B
2026-05-13 10:05:50,383 INFO signal  MA PUT  score=68  grade=B
2026-05-13 10:05:50,385 INFO signal  OXY CALL  score=76  grade=B
2026-05-13 10:05:50,854 INFO signal  AMZN CALL  score=93  grade=S
2026-05-13 10:05:50,977 INFO signal  MRNA PUT  score=100  grade=S
2026-05-13 10:05:53,159 INFO signal  META CALL  score=94  grade=S
2026-05-13 10:05:53,323 INFO signal  SOFI PUT  score=100  grade=S
2026-05-13 10:05:53,441 INFO scan done  signals=15
2026-05-13 10:11:00,010 INFO scan started  force=False
2026-05-13 10:11:03,343 INFO universe=11 symbols  regime=🟢 intraday bull — SPY above VWAP + EMA9>21
2026-05-13 10:11:06,489 INFO signal  DASH CALL  score=71  grade=B
2026-05-13 10:11:09,055 INFO signal  CHWY PUT  score=100  grade=S
2026-05-13 10:11:09,483 INFO scan done  signals=2
2026-05-13 10:16:16,308 INFO scan started  force=False
2026-05-13 10:16:20,556 INFO universe=2 symbols  regime=🟢 intraday bull — SPY above VWAP + EMA9>21
2026-05-13 10:16:23,655 INFO scan done  signals=0
2026-05-13 10:19:13,988 INFO scan started  force=False
2026-05-13 10:19:17,553 INFO universe=14 symbols  regime=🟢 intraday bull — SPY above VWAP + EMA9>21
2026-05-13 10:19:20,389 INFO signal  NFLX CALL  score=88  grade=A
2026-05-13 10:19:20,605 INFO signal  LYFT PUT  score=90  grade=S
2026-05-13 10:19:20,710 INFO signal  PLTR PUT  score=100  grade=S
2026-05-13 10:19:23,907 INFO scan done  signals=3
2026-05-13 10:24:31,583 INFO scan started  force=False
2026-05-13 10:24:35,910 INFO universe=17 symbols  regime=🟢 intraday bull — SPY above VWAP + EMA9>21
2026-05-13 10:24:38,972 INFO signal  QQQ CALL  score=100  grade=S
2026-05-13 10:24:41,255 INFO signal  LCID PUT  score=79  grade=B
2026-05-13 10:24:41,978 INFO signal  LRCX CALL  score=84  grade=A
2026-05-13 10:24:44,191 INFO signal  GS CALL  score=98  grade=S
2026-05-13 10:24:44,328 INFO scan done  signals=4
2026-05-13 10:25:14,362 INFO scan started  force=False
2026-05-13 10:25:17,820 INFO universe=25 symbols  regime=🟢 intraday bull — SPY above VWAP + EMA9>21
2026-05-13 10:25:23,181 INFO signal  SPY CALL  score=100  grade=S
2026-05-13 10:25:26,593 INFO signal  ORCL CALL  score=89  grade=A
2026-05-13 10:25:28,378 INFO signal  TQQQ CALL  score=100  grade=S
2026-05-13 10:25:28,554 INFO scan done  signals=3
2026-05-13 10:30:36,207 INFO scan started  force=False
2026-05-13 10:30:40,614 INFO universe=27 symbols  regime=🟢 intraday bull — SPY above VWAP + EMA9>21
2026-05-13 10:30:43,783 INFO signal  CLSK PUT  score=75  grade=B
2026-05-13 10:30:47,053 INFO signal  UBER PUT  score=95  grade=S
2026-05-13 10:30:48,433 INFO signal  CRM PUT  score=89  grade=A
2026-05-13 10:30:49,565 INFO signal  AAPL PUT  score=69  grade=B
2026-05-13 10:30:52,232 INFO scan done  signals=4
2026-05-13 10:31:53,379 INFO scan started  force=False
2026-05-13 10:31:56,952 INFO universe=2 symbols  regime=🟢 intraday bull — SPY above VWAP + EMA9>21
2026-05-13 10:31:59,905 INFO scan done  signals=0
2026-05-13 10:37:07,431 INFO scan started  force=False
2026-05-13 10:37:10,986 INFO universe=3 symbols  regime=🟢 intraday bull — SPY above VWAP + EMA9>21
2026-05-13 10:37:13,948 INFO scan done  signals=0
2026-05-13 10:42:21,660 INFO scan started  force=False
2026-05-13 10:42:25,517 INFO universe=5 symbols  regime=🟢 intraday bull — SPY above VWAP + EMA9>21
2026-05-13 10:42:28,710 INFO scan done  signals=0
2026-05-13 10:47:35,907 INFO scan started  force=False
2026-05-13 10:47:39,371 INFO universe=3 symbols  regime=🟢 intraday bull — SPY above VWAP + EMA9>21
2026-05-13 10:47:43,134 INFO signal  GOOGL CALL  score=92  grade=S
2026-05-13 10:47:43,366 INFO signal  MA PUT  score=88  grade=A
2026-05-13 10:47:43,508 INFO scan done  signals=2
2026-05-13 10:52:49,653 INFO scan started  force=False
2026-05-13 10:52:53,109 INFO universe=2 symbols  regime=🟢 intraday bull — SPY above VWAP + EMA9>21
2026-05-13 10:52:56,013 INFO signal  MU CALL  score=100  grade=S
2026-05-13 10:52:56,210 INFO signal  BIIB PUT  score=71  grade=B
2026-05-13 10:52:56,217 INFO scan done  signals=2
2026-05-13 10:54:40,747 INFO scan started  force=False
2026-05-13 10:56:22,089 INFO scan started  force=False
2026-05-13 10:56:25,730 INFO universe=2 symbols  regime=🟢 intraday bull — SPY above VWAP + EMA9>21
2026-05-13 10:56:28,858 INFO scan done  signals=0
2026-05-13 11:01:34,786 INFO scan started  force=False
2026-05-13 11:01:38,367 INFO universe=3 symbols  regime=🟢 intraday bull — SPY above VWAP + EMA9>21
2026-05-13 11:01:42,378 INFO scan done  signals=0
2026-05-13 11:06:49,607 INFO scan started  force=False
2026-05-13 11:06:52,963 INFO universe=0 symbols  regime=🟢 intraday bull — SPY above VWAP + EMA9>21
2026-05-13 11:06:52,964 INFO scan done  signals=0
2026-05-13 11:12:00,775 INFO scan started  force=False
2026-05-13 11:12:04,207 INFO universe=1 symbols  regime=🟢 intraday bull — SPY above VWAP + EMA9>21
2026-05-13 11:12:07,268 INFO scan done  signals=0
2026-05-13 11:17:15,755 INFO scan started  force=False
2026-05-13 11:17:19,216 INFO universe=2 symbols  regime=🟢 intraday bull — SPY above VWAP + EMA9>21
2026-05-13 11:17:22,101 INFO scan done  signals=0
2026-05-13 11:22:31,414 INFO scan started  force=False
2026-05-13 11:22:34,853 INFO universe=4 symbols  regime=🟢 intraday bull — SPY above VWAP + EMA9>21
2026-05-13 11:22:37,857 INFO scan done  signals=0
2026-05-13 11:27:46,487 INFO scan started  force=False
2026-05-13 11:27:50,666 INFO universe=4 symbols  regime=🟢 intraday bull — SPY above VWAP + EMA9>21
2026-05-13 11:27:53,792 INFO signal  RIVN CALL  score=80  grade=A
2026-05-13 11:27:54,007 INFO scan done  signals=1
2026-05-13 11:33:02,447 INFO scan started  force=False
2026-05-13 11:33:06,001 INFO universe=9 symbols  regime=🟢 intraday bull — SPY above VWAP + EMA9>21
2026-05-13 11:33:09,973 INFO signal  SLB PUT  score=91  grade=S
2026-05-13 11:33:10,161 INFO signal  TSLA CALL  score=100  grade=S
2026-05-13 11:33:10,277 INFO signal  CHWY PUT  score=80  grade=A
2026-05-13 11:33:12,321 INFO scan done  signals=3
2026-05-13 11:38:20,338 INFO scan started  force=False
2026-05-13 11:38:23,813 INFO universe=4 symbols  regime=🟢 intraday bull — SPY above VWAP + EMA9>21
2026-05-13 11:38:26,798 INFO signal  BBAI CALL  score=100  grade=S
2026-05-13 11:38:27,092 INFO scan done  signals=1
2026-05-13 11:39:12,513 INFO scan started  force=False
2026-05-13 11:39:13,960 INFO universe=10 symbols  regime=🟢 intraday bull — SPY above VWAP + EMA9>21
2026-05-13 11:39:16,519 INFO signal  ROKU PUT  score=69  grade=B
2026-05-13 11:39:18,355 INFO scan done  signals=1
2026-05-13 11:44:27,251 INFO scan started  force=False
2026-05-13 11:44:28,721 INFO universe=18 symbols  regime=🟢 intraday bull — SPY above VWAP + EMA9>21
2026-05-13 11:44:31,162 INFO signal  IWM CALL  score=91  grade=S
2026-05-13 11:44:31,268 INFO signal  SPY CALL  score=89  grade=A
2026-05-13 11:44:31,370 INFO signal  CVX PUT  score=100  grade=S
2026-05-13 11:44:31,484 INFO signal  LRCX CALL  score=89  grade=A
2026-05-13 11:44:32,472 INFO signal  META CALL  score=68  grade=B
2026-05-13 11:44:33,595 INFO signal  QQQ CALL  score=89  grade=A
2026-05-13 11:44:33,791 INFO signal  MSFT CALL  score=83  grade=A
2026-05-13 11:44:33,920 INFO signal  XOM PUT  score=76  grade=B
2026-05-13 11:44:37,879 INFO scan done  signals=8
2026-05-13 11:49:46,044 INFO scan started  force=False
2026-05-13 11:49:47,697 INFO universe=16 symbols  regime=🟢 intraday bull — SPY above VWAP + EMA9>21
2026-05-13 11:49:50,310 INFO signal  AMZN CALL  score=100  grade=S
2026-05-13 11:49:50,487 INFO signal  LCID CALL  score=95  grade=S
2026-05-13 11:49:50,645 INFO signal  SOUN CALL  score=100  grade=S
2026-05-13 11:49:50,759 INFO signal  NFLX CALL  score=72  grade=B
2026-05-13 11:49:52,728 INFO signal  V PUT  score=74  grade=B
2026-05-13 11:49:52,745 INFO scan done  signals=5
2026-05-13 11:54:58,541 INFO scan started  force=False
2026-05-13 11:55:03,665 INFO universe=11 symbols  regime=🟢 intraday bull — SPY above VWAP + EMA9>21
2026-05-13 11:55:06,206 INFO signal  SMCI PUT  score=90  grade=S
2026-05-13 11:55:08,076 INFO signal  COIN PUT  score=100  grade=S
2026-05-13 11:55:08,244 INFO scan done  signals=2
2026-05-13 11:55:42,094 INFO scan started  force=False
2026-05-13 11:55:43,749 INFO universe=21 symbols  regime=🟢 intraday bull — SPY above VWAP + EMA9>21
2026-05-13 11:55:48,732 INFO signal  CRM PUT  score=100  grade=S
2026-05-13 11:55:48,833 INFO signal  GS CALL  score=92  grade=S
2026-05-13 11:55:50,713 INFO signal  NOW PUT  score=71  grade=B
2026-05-13 11:55:51,168 INFO scan done  signals=3
2026-05-13 12:00:56,394 INFO scan started  force=False
2026-05-13 12:00:58,036 INFO universe=28 symbols  regime=🟢 intraday bull — SPY above VWAP + EMA9>21
2026-05-13 12:01:00,620 INFO signal  CLSK PUT  score=96  grade=S
2026-05-13 12:01:00,938 INFO signal  AMAT CALL  score=100  grade=S
2026-05-13 12:01:01,096 INFO signal  IONQ PUT  score=90  grade=S
2026-05-13 12:01:08,496 INFO scan done  signals=3
2026-05-13 12:06:13,816 INFO scan started  force=False
2026-05-13 12:06:15,261 INFO universe=3 symbols  regime=🟢 intraday bull — SPY above VWAP + EMA9>21
2026-05-13 12:06:18,515 INFO signal  JPM PUT  score=100  grade=S
2026-05-13 12:06:18,823 INFO scan done  signals=1
2026-05-13 12:11:22,876 INFO scan started  force=False
2026-05-13 12:11:28,446 INFO universe=1 symbols  regime=🟢 intraday bull — SPY above VWAP + EMA9>21
2026-05-13 12:11:30,451 INFO signal  LYFT CALL  score=86  grade=A
2026-05-13 12:11:30,656 INFO scan done  signals=1
2026-05-13 12:16:36,252 INFO scan started  force=False
2026-05-13 12:16:42,398 INFO universe=0 symbols  regime=🟢 intraday bull — SPY above VWAP + EMA9>21
2026-05-13 12:16:42,399 INFO scan done  signals=0
2026-05-13 12:21:50,055 INFO scan started  force=False
2026-05-13 12:21:58,168 INFO universe=1 symbols  regime=🟢 intraday bull — SPY above VWAP + EMA9>21
2026-05-13 12:22:00,146 INFO scan done  signals=0
2026-05-13 12:27:06,018 INFO scan started  force=False
2026-05-13 12:27:07,525 INFO universe=3 symbols  regime=🟢 intraday bull — SPY above VWAP + EMA9>21
2026-05-13 12:27:10,162 INFO scan done  signals=0
2026-05-13 12:32:17,593 INFO scan started  force=False
2026-05-13 12:32:19,155 INFO universe=8 symbols  regime=🟢 intraday bull — SPY above VWAP + EMA9>21
2026-05-13 12:32:22,652 INFO signal  BBAI CALL  score=100  grade=S
2026-05-13 12:32:26,077 INFO signal  AAPL CALL  score=86  grade=A
2026-05-13 12:32:26,202 INFO scan done  signals=2
2026-05-13 12:37:33,720 INFO scan started  force=False
2026-05-13 12:37:35,351 INFO universe=2 symbols  regime=🟢 intraday bull — SPY above VWAP + EMA9>21
2026-05-13 12:37:37,926 INFO signal  ADBE PUT  score=100  grade=S
2026-05-13 12:37:38,174 INFO scan done  signals=1
2026-05-13 12:42:45,944 INFO scan started  force=False
2026-05-13 12:42:48,622 INFO universe=1 symbols  regime=🟢 intraday bull — SPY above VWAP + EMA9>21
2026-05-13 12:42:50,696 INFO signal  QQQ CALL  score=86  grade=A
2026-05-13 12:42:50,832 INFO scan done  signals=1
2026-05-13 12:47:59,540 INFO scan started  force=False
2026-05-13 12:48:01,060 INFO universe=2 symbols  regime=🟢 intraday bull — SPY above VWAP + EMA9>21
2026-05-13 12:48:02,965 INFO signal  PENN CALL  score=78  grade=B
2026-05-13 12:48:03,456 INFO scan done  signals=1
2026-05-13 12:53:09,403 INFO scan started  force=False
2026-05-13 12:53:17,347 INFO universe=5 symbols  regime=🟢 intraday bull — SPY above VWAP + EMA9>21
2026-05-13 12:53:19,909 INFO scan done  signals=0
2026-05-13 12:58:26,319 INFO scan started  force=False
2026-05-13 12:58:28,109 INFO universe=7 symbols  regime=🟢 intraday bull — SPY above VWAP + EMA9>21
2026-05-13 12:58:30,573 INFO signal  META CALL  score=100  grade=S
2026-05-13 12:58:30,767 INFO signal  LLY CALL  score=100  grade=S
2026-05-13 12:58:30,944 INFO signal  SOUN CALL  score=100  grade=S
2026-05-13 12:58:31,068 INFO signal  AMZN CALL  score=100  grade=S
2026-05-13 12:58:31,191 INFO signal  LYFT CALL  score=96  grade=S
2026-05-13 12:58:31,322 INFO scan done  signals=5
2026-05-13 13:03:38,950 INFO scan started  force=False
2026-05-13 13:03:40,320 INFO universe=6 symbols  regime=🟢 intraday bull — SPY above VWAP + EMA9>21
2026-05-13 13:03:42,848 INFO signal  AMD CALL  score=100  grade=S
2026-05-13 13:03:43,034 INFO signal  DKNG CALL  score=84  grade=A
2026-05-13 13:03:43,175 INFO scan done  signals=2
2026-05-13 13:08:51,721 INFO scan started  force=False
2026-05-13 13:08:53,195 INFO universe=5 symbols  regime=🟢 intraday bull — SPY above VWAP + EMA9>21
2026-05-13 13:08:55,805 INFO signal  RIOT CALL  score=68  grade=B
2026-05-13 13:08:55,807 INFO scan done  signals=1
2026-05-13 13:14:04,483 INFO scan started  force=False
2026-05-13 13:14:06,176 INFO universe=12 symbols  regime=🟢 intraday bull — SPY above VWAP + EMA9>21
2026-05-13 13:14:09,218 INFO signal  RBLX CALL  score=100  grade=S
2026-05-13 13:14:09,341 INFO signal  MRNA PUT  score=100  grade=S
2026-05-13 13:14:11,163 INFO scan done  signals=2
2026-05-13 13:19:17,977 INFO scan started  force=False
2026-05-13 13:19:19,564 INFO universe=15 symbols  regime=🟢 intraday bull — SPY above VWAP + EMA9>21
2026-05-13 13:19:24,300 INFO signal  AAPL CALL  score=100  grade=S
2026-05-13 13:19:24,528 INFO signal  SHOP PUT  score=70  grade=B
2026-05-13 13:19:25,144 INFO signal  AMAT CALL  score=68  grade=B
2026-05-13 13:19:25,832 INFO signal  LRCX CALL  score=73  grade=B
2026-05-13 13:19:25,834 INFO scan done  signals=4
2026-05-13 13:24:33,701 INFO scan started  force=False
2026-05-13 13:24:35,481 INFO universe=8 symbols  regime=🟢 intraday bull — SPY above VWAP + EMA9>21
2026-05-13 13:24:38,081 INFO signal  CVX CALL  score=92  grade=S
2026-05-13 13:24:38,283 INFO scan done  signals=1
2026-05-13 13:29:47,863 INFO scan started  force=False
2026-05-13 13:29:49,338 INFO universe=12 symbols  regime=🟢 intraday bull — SPY above VWAP + EMA9>21
2026-05-13 13:29:52,972 INFO signal  PENN CALL  score=100  grade=S
2026-05-13 13:29:55,559 INFO scan done  signals=1
2026-05-13 13:35:04,897 INFO scan started  force=False
2026-05-13 13:35:06,338 INFO universe=26 symbols  regime=🟢 intraday bull — SPY above VWAP + EMA9>21
2026-05-13 13:35:08,878 INFO signal  DASH PUT  score=78  grade=B
2026-05-13 13:35:10,929 INFO signal  OXY CALL  score=70  grade=B
2026-05-13 13:35:10,930 INFO signal  UBER PUT  score=88  grade=A
2026-05-13 13:35:11,446 INFO signal  CRM PUT  score=100  grade=S
2026-05-13 13:35:14,881 INFO scan done  signals=4
2026-05-13 13:40:24,297 INFO scan started  force=False
2026-05-13 13:40:26,851 INFO universe=21 symbols  regime=🟢 intraday bull — SPY above VWAP + EMA9>21
2026-05-13 13:40:29,302 INFO signal  NOW PUT  score=100  grade=S
2026-05-13 13:40:29,511 INFO signal  PLTR PUT  score=96  grade=S
2026-05-13 13:40:29,635 INFO signal  LLY CALL  score=100  grade=S
2026-05-13 13:40:31,807 INFO signal  ABNB PUT  score=84  grade=A
2026-05-13 13:40:31,935 INFO signal  ROKU PUT  score=88  grade=A
2026-05-13 13:40:34,464 INFO scan done  signals=5
2026-05-13 13:45:44,297 INFO scan started  force=False
2026-05-13 13:45:47,290 INFO universe=26 symbols  regime=🟢 intraday bull — SPY above VWAP + EMA9>21
2026-05-13 13:45:49,879 INFO signal  SOUN CALL  score=100  grade=S
2026-05-13 13:45:50,105 INFO signal  LCID CALL  score=100  grade=S
2026-05-13 13:45:54,022 INFO signal  META CALL  score=84  grade=A
2026-05-13 13:45:55,980 INFO scan done  signals=3
2026-05-13 13:51:05,432 INFO scan started  force=False
2026-05-13 13:51:06,721 INFO universe=4 symbols  regime=🟢 intraday bull — SPY above VWAP + EMA9>21
2026-05-13 13:51:09,161 INFO signal  UPST PUT  score=100  grade=S
2026-05-13 13:51:09,278 INFO scan done  signals=1
2026-05-13 13:56:18,240 INFO scan started  force=False
2026-05-13 13:56:19,639 INFO universe=1 symbols  regime=🟢 intraday bull — SPY above VWAP + EMA9>21
2026-05-13 13:56:21,667 INFO scan done  signals=0
2026-05-13 14:01:32,302 INFO scan started  force=False
2026-05-13 14:01:33,738 INFO universe=0 symbols  regime=🟢 intraday bull — SPY above VWAP + EMA9>21
2026-05-13 14:01:33,739 INFO scan done  signals=0
2026-05-13 14:06:43,899 INFO scan started  force=False
2026-05-13 14:06:45,423 INFO universe=2 symbols  regime=🟢 intraday bull — SPY above VWAP + EMA9>21
2026-05-13 14:06:47,788 INFO signal  GOOGL CALL  score=100  grade=S
2026-05-13 14:06:47,933 INFO scan done  signals=1
2026-05-13 14:11:58,799 INFO scan started  force=False
2026-05-13 14:12:06,303 INFO universe=1 symbols  regime=🟢 intraday bull — SPY above VWAP + EMA9>21
2026-05-13 14:12:08,886 INFO scan done  signals=0
2026-05-13 14:13:33,183 INFO scan started  force=False
2026-05-13 14:17:19,489 INFO scan started  force=False
2026-05-13 14:17:23,182 INFO universe=11 symbols  regime=🟢 intraday bull — SPY above VWAP + EMA9>21
2026-05-13 14:17:24,924 INFO signal  SPY CALL  score=100  grade=S
2026-05-13 14:17:25,285 INFO signal  RIOT CALL  score=73  grade=B
2026-05-13 14:17:25,698 INFO signal  DKNG CALL  score=100  grade=S
2026-05-13 14:17:26,946 INFO signal  CHWY PUT  score=100  grade=S
2026-05-13 14:17:27,062 INFO signal  QQQ CALL  score=100  grade=S
2026-05-13 14:17:27,546 INFO signal  SQQQ PUT  score=100  grade=S
2026-05-13 14:17:27,676 INFO signal  TQQQ CALL  score=100  grade=S
2026-05-13 14:17:28,099 INFO scan done  signals=7
2026-05-13 14:18:33,543 INFO scan started  force=False
2026-05-13 14:18:36,715 INFO universe=18 symbols  regime=🟢 intraday bull — SPY above VWAP + EMA9>21
2026-05-13 14:18:39,355 INFO signal  MARA CALL  score=100  grade=S
2026-05-13 14:18:41,698 INFO signal  LYFT CALL  score=68  grade=B
2026-05-13 14:18:43,532 INFO scan done  signals=2
2026-05-13 14:23:54,729 INFO scan started  force=False
2026-05-13 14:23:57,133 INFO universe=10 symbols  regime=🟢 intraday bull — SPY above VWAP + EMA9>21
2026-05-13 14:23:59,693 INFO signal  COIN CALL  score=75  grade=B
2026-05-13 14:23:59,724 INFO signal  LRCX CALL  score=73  grade=B
2026-05-13 14:23:59,737 INFO signal  SHOP PUT  score=70  grade=B
2026-05-13 14:23:59,827 INFO signal  DIA CALL  score=69  grade=B
2026-05-13 14:24:01,301 INFO scan done  signals=4
2026-05-13 14:29:13,295 INFO scan started  force=False
2026-05-13 14:29:14,837 INFO universe=22 symbols  regime=🟢 intraday bull — SPY above VWAP + EMA9>21
2026-05-13 14:29:17,514 INFO signal  RIVN CALL  score=100  grade=S
2026-05-13 14:29:19,612 INFO signal  AMAT CALL  score=81  grade=A
2026-05-13 14:29:19,992 INFO signal  MU CALL  score=100  grade=S
2026-05-13 14:29:21,656 INFO signal  SNAP CALL  score=100  grade=S
2026-05-13 14:29:22,111 INFO signal  LLY CALL  score=89  grade=A
2026-05-13 14:29:22,157 INFO scan done  signals=5
2026-05-13 14:33:09,578 INFO scan started  force=False
2026-05-13 14:33:11,040 INFO universe=11 symbols  regime=🟢 intraday bull — SPY above VWAP + EMA9>21
2026-05-13 14:33:14,747 INFO signal  BAC PUT  score=85  grade=A
2026-05-13 14:33:14,855 INFO signal  IWM CALL  score=90  grade=S
2026-05-13 14:33:14,856 INFO signal  JPM PUT  score=77  grade=B
2026-05-13 14:33:16,275 INFO signal  SOUN CALL  score=80  grade=A
2026-05-13 14:33:16,720 INFO signal  META CALL  score=100  grade=S
2026-05-13 14:33:16,722 INFO scan done  signals=5
2026-05-13 14:38:27,788 INFO scan started  force=False
2026-05-13 14:38:29,351 INFO universe=8 symbols  regime=🟢 intraday bull — SPY above VWAP + EMA9>21
2026-05-13 14:38:31,991 INFO signal  BIIB CALL  score=83  grade=A
2026-05-13 14:38:32,174 INFO signal  RBLX CALL  score=100  grade=S
2026-05-13 14:38:32,177 INFO scan done  signals=2
2026-05-13 14:41:29,056 INFO scan started  force=False
2026-05-13 14:41:30,498 INFO universe=1 symbols  regime=🟢 intraday bull — SPY above VWAP + EMA9>21
2026-05-13 14:41:32,403 INFO scan done  signals=0
2026-05-13 14:46:40,793 INFO scan started  force=False
2026-05-13 14:46:42,379 INFO universe=2 symbols  regime=🟢 intraday bull — SPY above VWAP + EMA9>21
2026-05-13 14:46:45,022 INFO signal  NFLX CALL  score=80  grade=A
2026-05-13 14:46:45,024 INFO scan done  signals=1
2026-05-13 14:51:52,739 INFO scan started  force=False
2026-05-13 14:51:54,441 INFO universe=2 symbols  regime=🟢 intraday bull — SPY above VWAP + EMA9>21
2026-05-13 14:51:57,068 INFO signal  ROKU CALL  score=71  grade=B
2026-05-13 14:51:57,070 INFO scan done  signals=1
2026-05-13 14:57:04,348 INFO scan started  force=False
2026-05-13 14:57:05,709 INFO universe=6 symbols  regime=🟢 intraday bull — SPY above VWAP + EMA9>21
2026-05-13 14:57:08,303 INFO scan done  signals=0
2026-05-13 14:57:36,582 INFO scan started  force=True
2026-05-13 14:57:36,843 INFO universe=6 symbols  regime=🟢 intraday bull — SPY above VWAP + EMA9>21
2026-05-13 14:57:39,982 INFO scan done  signals=0
2026-05-13 14:59:58,099 INFO scan started  force=False
2026-05-13 15:00:01,577 INFO universe=39 symbols  regime=🟢 intraday bull — SPY above VWAP + EMA9>21  first-30m SPY: -0.21%
2026-05-13 15:00:04,436 INFO signal  SLB CALL  score=80  grade=A
2026-05-13 15:00:05,370 INFO signal  AFRM PUT  score=71  grade=B
2026-05-13 15:00:05,375 INFO signal  BBAI PUT  score=82  grade=A
2026-05-13 15:00:06,257 INFO signal  V PUT  score=90  grade=S
2026-05-13 15:00:06,834 INFO signal  PENN CALL  score=82  grade=A
2026-05-13 15:00:07,025 INFO signal  DKNG CALL  score=99  grade=S
2026-05-13 15:00:07,074 INFO signal  SQQQ PUT  score=85  grade=A
2026-05-13 15:00:09,643 INFO signal  IONQ PUT  score=100  grade=S
2026-05-13 15:00:09,969 INFO signal  CLSK PUT  score=70  grade=B
2026-05-13 15:00:09,972 INFO signal  SPY PUT  score=81  grade=A
2026-05-13 15:00:12,932 INFO signal  AMD PUT  score=86  grade=A
2026-05-13 15:00:14,286 INFO signal  NOW CALL  score=69  grade=B
2026-05-13 15:00:14,720 INFO signal  INTC PUT  score=95  grade=S
2026-05-13 15:00:15,110 INFO signal  QCOM PUT  score=100  grade=S
2026-05-13 15:00:15,112 INFO scan done  signals=14
2026-05-13 15:05:23,776 INFO scan started  force=False
2026-05-13 15:05:35,556 INFO universe=37 symbols  regime=🟢 intraday bull — SPY above VWAP + EMA9>21  first-30m SPY: -0.21%
2026-05-13 15:05:38,422 INFO signal  MRNA PUT  score=100  grade=S
2026-05-13 15:05:39,562 INFO signal  VRTX CALL  score=99  grade=S
2026-05-13 15:05:40,256 INFO signal  DASH PUT  score=68  grade=B
2026-05-13 15:05:47,112 INFO signal  AAPL PUT  score=69  grade=B
2026-05-13 15:05:48,212 INFO signal  MS CALL  score=87  grade=A
2026-05-13 15:05:48,214 INFO scan done  signals=5
2026-05-13 15:10:58,527 INFO scan started  force=False
2026-05-13 15:11:01,258 INFO universe=24 symbols  regime=🟢 intraday bull — SPY above VWAP + EMA9>21  first-30m SPY: -0.21%
2026-05-13 15:11:04,143 INFO signal  ABNB PUT  score=100  grade=S
2026-05-13 15:11:07,679 INFO signal  CHWY PUT  score=100  grade=S
2026-05-13 15:11:10,471 INFO scan done  signals=2
2026-05-13 15:16:20,665 INFO scan started  force=False
2026-05-13 15:16:23,414 INFO universe=1 symbols  regime=🟢 intraday bull — SPY above VWAP + EMA9>21  first-30m SPY: -0.21%
2026-05-13 15:16:25,696 INFO scan done  signals=0
2026-05-13 15:20:39,231 INFO scan started  force=False
2026-05-13 15:20:41,687 INFO universe=45 symbols  regime=🟢 intraday bull — SPY above VWAP + EMA9>21  first-30m SPY: -0.21%
2026-05-13 15:20:44,415 INFO signal  ADBE CALL  score=100  grade=S
2026-05-13 15:20:44,546 INFO signal  SHOP PUT  score=100  grade=S
2026-05-13 15:20:44,548 INFO signal  LRCX CALL  score=73  grade=B
2026-05-13 15:20:46,460 INFO signal  IWM CALL  score=68  grade=B
2026-05-13 15:20:46,942 INFO signal  BAC PUT  score=99  grade=S
2026-05-13 15:20:50,454 INFO signal  RIOT PUT  score=70  grade=B
2026-05-13 15:20:51,284 INFO signal  META CALL  score=100  grade=S
2026-05-13 15:20:53,309 INFO signal  UPST CALL  score=69  grade=B
2026-05-13 15:20:54,533 INFO signal  GOOGL CALL  score=95  grade=S
2026-05-13 15:20:54,723 INFO signal  COIN CALL  score=69  grade=B
2026-05-13 15:20:56,358 INFO scan done  signals=10
2026-05-13 15:23:57,025 INFO scan started  force=False
2026-05-13 15:23:59,411 INFO universe=15 symbols  regime=🟢 intraday bull — SPY above VWAP + EMA9>21  first-30m SPY: -0.21%
2026-05-13 15:24:04,797 INFO scan done  signals=0
2026-05-13 15:29:13,536 INFO scan started  force=False
2026-05-13 15:29:16,283 INFO universe=40 symbols  regime=🟢 intraday bull — SPY above VWAP + EMA9>21  first-30m SPY: -0.21%
2026-05-13 15:29:18,811 INFO signal  BIIB CALL  score=100  grade=S
2026-05-13 15:29:18,934 INFO signal  CRM PUT  score=74  grade=B
2026-05-13 15:29:19,027 INFO signal  RBLX CALL  score=100  grade=S
2026-05-13 15:29:22,088 INFO signal  UBER PUT  score=93  grade=S
2026-05-13 15:29:22,313 INFO signal  AMZN CALL  score=99  grade=S
2026-05-13 15:29:29,429 INFO signal  DIA CALL  score=68  grade=B
2026-05-13 15:29:30,100 INFO scan done  signals=6
2026-05-13 15:34:38,360 INFO scan started  force=False
2026-05-13 15:34:40,809 INFO universe=44 symbols  regime=🟢 intraday bull — SPY above VWAP + EMA9>21  first-30m SPY: -0.21%
2026-05-13 15:34:40,816 INFO scan done  signals=0
2026-05-13 15:39:51,680 INFO scan started  force=False
2026-05-13 15:39:54,019 INFO universe=45 symbols  regime=🟢 intraday bull — SPY above VWAP + EMA9>21  first-30m SPY: -0.21%
2026-05-13 15:39:54,028 INFO scan done  signals=0
2026-05-13 15:45:02,958 INFO scan started  force=False
2026-05-13 15:45:05,660 INFO universe=45 symbols  regime=🟢 intraday bull — SPY above VWAP + EMA9>21  first-30m SPY: -0.21%
2026-05-13 15:45:05,664 INFO scan done  signals=0
2026-05-13 15:50:13,181 INFO scan started  force=False
2026-05-13 15:50:15,762 INFO universe=45 symbols  regime=🟢 intraday bull — SPY above VWAP + EMA9>21  first-30m SPY: -0.21%
2026-05-13 15:50:15,768 INFO scan done  signals=0
2026-05-14 09:34:33,359 INFO scan started  force=False

  Multi-Algo Signals API
  Algos: largecap | spx | smallcap
  App (React build): http://localhost:5000/
  Dev mode (Vite):   cd web && npm run dev  → http://localhost:3000

 * Serving Flask app 'api'
 * Debug mode: off
WARNING: This is a development server. Do not use it in a production deployment. Use a production WSGI server instead.
 * Running on http://127.0.0.1:5000
Press CTRL+C to quit
2026-05-14 09:34:36,296 INFO universe=0 symbols  regime=🟢 intraday bull — SPY above VWAP + EMA9>21
2026-05-14 09:34:36,296 INFO scan done  signals=0
2026-05-14 09:39:54,776 INFO scan started  force=False
2026-05-14 09:39:56,909 INFO universe=0 symbols  regime=🟢 intraday bull — SPY above VWAP + EMA9>21
2026-05-14 09:39:56,909 INFO scan done  signals=0
2026-05-14 09:46:42,298 INFO scan started  force=False
2026-05-14 09:46:44,309 INFO universe=0 symbols  regime=🟢 intraday bull — SPY above VWAP + EMA9>21
2026-05-14 09:46:44,317 INFO scan done  signals=0
2026-05-14 09:47:03,072 INFO scan started  force=True
2026-05-14 09:47:05,309 INFO universe=0 symbols  regime=🟢 intraday bull — SPY above VWAP + EMA9>21
2026-05-14 09:47:05,310 INFO scan done  signals=0
2026-05-14 09:52:08,871 INFO scan started  force=False
2026-05-14 09:52:11,253 INFO universe=0 symbols  regime=🟢 intraday bull — SPY above VWAP + EMA9>21
2026-05-14 09:52:11,253 INFO scan done  signals=0
2026-05-14 09:57:34,370 INFO scan started  force=False
2026-05-14 09:57:39,199 INFO universe=1 symbols  regime=🟢 intraday bull — SPY above VWAP + EMA9>21  first-30m SPY: +0.22%
2026-05-14 09:57:39,207 INFO scan done  signals=0
2026-05-14 10:03:03,269 INFO scan started  force=False
2026-05-14 10:03:05,381 INFO universe=5 symbols  regime=🟢 intraday bull — SPY above VWAP + EMA9>21  first-30m SPY: +0.10%
2026-05-14 10:03:05,384 INFO scan done  signals=0
2026-05-14 10:08:30,092 INFO scan started  force=False
2026-05-14 10:08:32,461 INFO universe=3 symbols  regime=🟢 intraday bull — SPY above VWAP + EMA9>21  first-30m SPY: +0.10%
2026-05-14 10:08:32,463 INFO scan done  signals=0
2026-05-14 10:13:59,450 INFO scan started  force=False
2026-05-14 10:14:02,295 INFO universe=9 symbols  regime=🟢 intraday bull — SPY above VWAP + EMA9>21  first-30m SPY: +0.10%
2026-05-14 10:14:02,304 INFO scan done  signals=0
2026-05-14 10:19:27,740 INFO scan started  force=False
2026-05-14 10:19:30,595 INFO universe=7 symbols  regime=🟢 intraday bull — SPY above VWAP + EMA9>21  first-30m SPY: +0.10%
2026-05-14 10:19:30,603 INFO scan done  signals=0
2026-05-14 10:24:54,521 INFO scan started  force=False
2026-05-14 10:24:56,646 INFO universe=16 symbols  regime=🟢 intraday bull — SPY above VWAP + EMA9>21  first-30m SPY: +0.10%
2026-05-14 10:24:56,656 INFO scan done  signals=0
2026-05-14 10:30:23,533 INFO scan started  force=False
2026-05-14 10:30:25,852 INFO universe=21 symbols  regime=🟢 intraday bull — SPY above VWAP + EMA9>21  first-30m SPY: +0.10%
2026-05-14 10:30:25,863 INFO scan done  signals=0
2026-05-14 10:35:49,368 INFO scan started  force=False
2026-05-14 10:35:51,490 INFO universe=23 symbols  regime=🟢 intraday bull — SPY above VWAP + EMA9>21  first-30m SPY: +0.10%
2026-05-14 10:35:51,501 INFO scan done  signals=0
2026-05-14 10:41:22,183 INFO scan started  force=False
2026-05-14 10:41:24,317 INFO universe=0 symbols  regime=🟢 intraday bull — SPY above VWAP + EMA9>21  first-30m SPY: +0.10%
2026-05-14 10:41:24,323 INFO scan done  signals=0
2026-05-14 10:46:53,668 INFO scan started  force=False
2026-05-14 10:46:56,392 INFO universe=0 symbols  regime=🟢 intraday bull — SPY above VWAP + EMA9>21  first-30m SPY: +0.10%
2026-05-14 10:46:56,398 INFO scan done  signals=0
2026-05-14 10:52:24,867 INFO scan started  force=False
2026-05-14 10:52:27,081 INFO universe=2 symbols  regime=🟢 intraday bull — SPY above VWAP + EMA9>21  first-30m SPY: +0.10%
2026-05-14 10:52:27,081 INFO scan done  signals=0
2026-05-14 10:57:59,670 INFO scan started  force=False
2026-05-14 10:58:01,764 INFO universe=5 symbols  regime=🟢 intraday bull — SPY above VWAP + EMA9>21  first-30m SPY: +0.10%
2026-05-14 10:58:01,766 INFO scan done  signals=0
2026-05-14 11:00:06,739 INFO scan started  force=True
2026-05-14 11:00:08,659 INFO universe=25 symbols  regime=🟢 intraday bull — SPY above VWAP + EMA9>21  first-30m SPY: +0.10%
2026-05-14 11:00:12,180 INFO signal  ORCL CALL  score=91  grade=S
2026-05-14 11:00:13,686 INFO scan done  signals=1
2026-05-14 11:03:33,010 INFO scan started  force=False
2026-05-14 11:03:35,101 INFO universe=6 symbols  regime=🟢 intraday bull — SPY above VWAP + EMA9>21  first-30m SPY: +0.10%
2026-05-14 11:03:37,749 INFO scan done  signals=0
2026-05-14 11:06:28,295 INFO scan started  force=True
2026-05-14 11:06:30,613 INFO universe=2 symbols  regime=🟢 intraday bull — SPY above VWAP + EMA9>21  first-30m SPY: +0.10%
2026-05-14 11:06:32,901 INFO scan done  signals=0
2026-05-14 11:09:08,796 INFO scan started  force=False
2026-05-14 11:09:14,239 INFO universe=17 symbols  regime=🟢 intraday bull — SPY above VWAP + EMA9>21  first-30m SPY: +0.10%
2026-05-14 11:09:16,735 INFO signal  NOW CALL  score=100  grade=S
2026-05-14 11:09:17,145 INFO scan done  signals=1
2026-05-14 11:14:48,207 INFO scan started  force=False
2026-05-14 11:14:50,369 INFO universe=5 symbols  regime=🟢 intraday bull — SPY above VWAP + EMA9>21  first-30m SPY: +0.10%
2026-05-14 11:14:53,111 INFO scan done  signals=0
2026-05-14 11:20:25,400 INFO scan started  force=False
2026-05-14 11:20:28,515 INFO universe=24 symbols  regime=🟢 intraday bull — SPY above VWAP + EMA9>21  first-30m SPY: +0.10%
2026-05-14 11:20:34,742 INFO scan done  signals=0
2026-05-14 11:26:07,081 INFO scan started  force=False
2026-05-14 11:26:14,035 INFO universe=3 symbols  regime=🟢 intraday bull — SPY above VWAP + EMA9>21  first-30m SPY: +0.10%
2026-05-14 11:26:16,359 INFO scan done  signals=0
2026-05-14 11:27:35,492 INFO scan started  force=False
2026-05-14 11:27:37,766 INFO universe=1 symbols  regime=🟢 intraday bull — SPY above VWAP + EMA9>21  first-30m SPY: +0.10%
2026-05-14 11:27:38,094 INFO scan done  signals=0
2026-05-14 11:33:13,371 INFO scan started  force=False
2026-05-14 11:33:15,634 INFO universe=7 symbols  regime=🟢 intraday bull — SPY above VWAP + EMA9>21  first-30m SPY: +0.10%
2026-05-14 11:33:17,770 INFO scan done  signals=0
2026-05-14 11:38:48,975 INFO scan started  force=False
2026-05-14 11:38:51,058 INFO universe=8 symbols  regime=🟢 intraday bull — SPY above VWAP + EMA9>21  first-30m SPY: +0.10%
2026-05-14 11:38:53,785 INFO scan done  signals=0
2026-05-14 11:41:03,868 INFO scan started  force=True
2026-05-14 11:41:06,003 INFO universe=6 symbols  regime=🟢 intraday bull — SPY above VWAP + EMA9>21  first-30m SPY: +0.10%
2026-05-14 11:41:08,548 INFO scan done  signals=0
2026-05-14 11:44:29,671 INFO scan started  force=False
2026-05-14 11:44:31,876 INFO universe=16 symbols  regime=🟢 intraday bull — SPY above VWAP + EMA9>21  first-30m SPY: +0.10%
2026-05-14 11:44:35,035 INFO scan done  signals=0
2026-05-14 11:50:07,200 INFO scan started  force=False
2026-05-14 11:50:12,415 INFO universe=17 symbols  regime=🟢 intraday bull — SPY above VWAP + EMA9>21  first-30m SPY: +0.10%
2026-05-14 11:50:16,205 INFO scan done  signals=0
2026-05-14 11:55:51,470 INFO scan started  force=False
2026-05-14 11:55:53,696 INFO universe=17 symbols  regime=🟢 intraday bull — SPY above VWAP + EMA9>21  first-30m SPY: +0.10%
2026-05-14 11:55:57,838 INFO scan done  signals=0
2026-05-14 12:00:30,388 INFO scan started  force=False
2026-05-14 12:00:33,363 INFO universe=13 symbols  regime=🟢 intraday bull — SPY above VWAP + EMA9>21  first-30m SPY: +0.10%
2026-05-14 12:00:35,731 INFO scan done  signals=0
2026-05-14 12:06:08,086 INFO scan started  force=False
2026-05-14 12:06:10,128 INFO universe=0 symbols  regime=🟢 intraday bull — SPY above VWAP + EMA9>21  first-30m SPY: +0.10%
2026-05-14 12:06:10,129 INFO scan done  signals=0
2026-05-14 12:09:03,014 INFO scan started  force=True
2026-05-14 12:09:05,717 INFO universe=4 symbols  regime=🟢 intraday bull — SPY above VWAP + EMA9>21  first-30m SPY: +0.10%
2026-05-14 12:09:07,899 INFO scan done  signals=0
2026-05-14 12:11:42,446 INFO scan started  force=False
2026-05-14 12:11:44,394 INFO universe=0 symbols  regime=🟢 intraday bull — SPY above VWAP + EMA9>21  first-30m SPY: +0.10%
2026-05-14 12:11:44,394 INFO scan done  signals=0
2026-05-14 12:13:53,357 INFO scan started  force=False
2026-05-14 12:13:56,646 INFO universe=4 symbols  regime=🟢 intraday bull — SPY above VWAP + EMA9>21  first-30m SPY: +0.10%
2026-05-14 12:13:58,932 INFO scan done  signals=0
2026-05-14 12:19:31,134 INFO scan started  force=False
2026-05-14 12:19:36,997 INFO universe=16 symbols  regime=🟢 intraday bull — SPY above VWAP + EMA9>21  first-30m SPY: +0.10%
2026-05-14 12:19:39,678 INFO scan done  signals=0
2026-05-14 12:21:31,555 INFO scan started  force=True
2026-05-14 12:21:33,844 INFO universe=5 symbols  regime=🟢 intraday bull — SPY above VWAP + EMA9>21  first-30m SPY: +0.10%
2026-05-14 12:21:34,231 INFO scan done  signals=0
2026-05-14 12:25:11,429 INFO scan started  force=False
2026-05-14 12:25:13,677 INFO universe=31 symbols  regime=🟢 intraday bull — SPY above VWAP + EMA9>21  first-30m SPY: +0.10%
2026-05-14 12:25:17,446 INFO scan done  signals=0
2026-05-14 12:30:49,788 INFO scan started  force=False
2026-05-14 12:30:52,025 INFO universe=32 symbols  regime=🟢 intraday bull — SPY above VWAP + EMA9>21  first-30m SPY: +0.10%
2026-05-14 12:30:58,900 INFO scan done  signals=0
2026-05-14 12:36:30,903 INFO scan started  force=False
2026-05-14 12:36:33,569 INFO universe=4 symbols  regime=🟢 intraday bull — SPY above VWAP + EMA9>21  first-30m SPY: +0.10%
2026-05-14 12:36:33,969 INFO scan done  signals=0
2026-05-14 12:42:06,225 INFO scan started  force=False
2026-05-14 12:42:09,611 INFO universe=3 symbols  regime=🟢 intraday bull — SPY above VWAP + EMA9>21  first-30m SPY: +0.10%
2026-05-14 12:42:09,999 INFO scan done  signals=0
2026-05-14 12:47:25,390 INFO scan started  force=True
2026-05-14 12:47:27,575 INFO universe=6 symbols  regime=🟢 intraday bull — SPY above VWAP + EMA9>21  first-30m SPY: +0.10%
2026-05-14 12:47:27,942 INFO scan done  signals=0
2026-05-14 12:47:44,857 INFO scan started  force=False
2026-05-14 12:47:45,023 INFO universe=6 symbols  regime=🟢 intraday bull — SPY above VWAP + EMA9>21  first-30m SPY: +0.10%
2026-05-14 12:47:45,032 INFO scan done  signals=0
2026-05-14 12:53:17,316 INFO scan started  force=False
2026-05-14 12:53:19,698 INFO universe=7 symbols  regime=🟢 intraday bull — SPY above VWAP + EMA9>21  first-30m SPY: +0.10%
2026-05-14 12:53:20,140 INFO scan done  signals=0
2026-05-14 12:58:52,215 INFO scan started  force=False
2026-05-14 12:58:54,707 INFO universe=8 symbols  regime=🟢 intraday bull — SPY above VWAP + EMA9>21  first-30m SPY: +0.10%
2026-05-14 12:58:55,115 INFO scan done  signals=0
2026-05-14 13:04:30,702 INFO scan started  force=False
2026-05-14 13:04:33,761 INFO universe=23 symbols  regime=🟢 intraday bull — SPY above VWAP + EMA9>21  first-30m SPY: +0.10%
2026-05-14 13:04:36,121 INFO scan done  signals=0
2026-05-14 13:10:08,114 INFO scan started  force=False
2026-05-14 13:10:10,508 INFO universe=31 symbols  regime=🔴 intraday bear — SPY below VWAP or EMA9<21  first-30m SPY: +0.10%
2026-05-14 13:10:12,701 INFO scan done  signals=0
2026-05-14 13:15:48,583 INFO scan started  force=False
2026-05-14 13:15:50,982 INFO universe=35 symbols  regime=🔴 intraday bear — SPY below VWAP or EMA9<21  first-30m SPY: +0.10%
2026-05-14 13:15:54,227 INFO scan done  signals=0
2026-05-14 13:21:26,368 INFO scan started  force=False
2026-05-14 13:21:28,707 INFO universe=4 symbols  regime=🔴 intraday bear — SPY below VWAP or EMA9<21  first-30m SPY: +0.10%
2026-05-14 13:21:29,074 INFO scan done  signals=0
2026-05-14 13:26:21,829 INFO scan started  force=True
2026-05-14 13:26:27,882 INFO universe=6 symbols  regime=🔴 intraday bear — SPY below VWAP or EMA9<21  first-30m SPY: +0.10%
2026-05-14 13:26:30,462 INFO scan done  signals=0
2026-05-14 13:27:04,706 INFO scan started  force=False
2026-05-14 13:27:06,995 INFO universe=6 symbols  regime=🔴 intraday bear — SPY below VWAP or EMA9<21  first-30m SPY: +0.10%
2026-05-14 13:27:09,137 INFO scan done  signals=0
2026-05-14 13:32:41,422 INFO scan started  force=False
2026-05-14 13:32:43,613 INFO universe=3 symbols  regime=🔴 intraday bear — SPY below VWAP or EMA9<21  first-30m SPY: +0.10%
2026-05-14 13:32:43,977 INFO scan done  signals=0
2026-05-14 13:37:36,309 INFO scan started  force=True
2026-05-14 13:37:38,696 INFO universe=2 symbols  regime=🔴 intraday bear — SPY below VWAP or EMA9<21  first-30m SPY: +0.10%
2026-05-14 13:37:39,065 INFO scan done  signals=0
2026-05-14 13:38:16,314 INFO scan started  force=False
2026-05-14 13:38:19,147 INFO universe=5 symbols  regime=🔴 intraday bear — SPY below VWAP or EMA9<21  first-30m SPY: +0.10%
2026-05-14 13:38:23,167 INFO scan done  signals=0
2026-05-14 13:43:55,336 INFO scan started  force=False
2026-05-14 13:43:57,668 INFO universe=8 symbols  regime=🔴 intraday bear — SPY below VWAP or EMA9<21  first-30m SPY: +0.10%
2026-05-14 13:43:58,189 INFO scan done  signals=0
2026-05-14 13:49:30,282 INFO scan started  force=False
2026-05-14 13:49:32,537 INFO universe=13 symbols  regime=🔴 intraday bear — SPY below VWAP or EMA9<21  first-30m SPY: +0.10%
2026-05-14 13:49:33,576 INFO scan done  signals=0
2026-05-14 13:52:17,356 INFO scan started  force=True
2026-05-14 13:52:19,617 INFO universe=3 symbols  regime=🔴 intraday bear — SPY below VWAP or EMA9<21  first-30m SPY: +0.10%
2026-05-14 13:52:20,050 INFO scan done  signals=0
2026-05-14 13:55:09,487 INFO scan started  force=False
2026-05-14 13:55:11,823 INFO universe=30 symbols  regime=🔴 intraday bear — SPY below VWAP or EMA9<21  first-30m SPY: +0.10%
2026-05-14 13:55:13,520 INFO scan done  signals=0
2026-05-14 14:00:45,819 INFO scan started  force=False
2026-05-14 14:00:48,247 INFO universe=36 symbols  regime=🔴 intraday bear — SPY below VWAP or EMA9<21  first-30m SPY: +0.10%
2026-05-14 14:00:51,670 INFO scan done  signals=0
2026-05-14 14:01:58,237 INFO scan started  force=True
2026-05-14 14:02:05,132 INFO universe=3 symbols  regime=🔴 intraday bear — SPY below VWAP or EMA9<21  first-30m SPY: +0.10%
2026-05-14 14:02:05,448 INFO scan done  signals=0
2026-05-14 14:06:27,491 INFO scan started  force=False
2026-05-14 14:06:30,505 INFO universe=5 symbols  regime=🔴 intraday bear — SPY below VWAP or EMA9<21  first-30m SPY: +0.10%
2026-05-14 14:06:31,240 INFO scan done  signals=0
2026-05-14 14:12:03,286 INFO scan started  force=False
2026-05-14 14:12:05,686 INFO universe=4 symbols  regime=🔴 intraday bear — SPY below VWAP or EMA9<21  first-30m SPY: +0.10%
2026-05-14 14:12:06,112 INFO scan done  signals=0
2026-05-14 14:17:38,432 INFO scan started  force=False
2026-05-14 14:17:40,799 INFO universe=7 symbols  regime=🔴 intraday bear — SPY below VWAP or EMA9<21  first-30m SPY: +0.10%
2026-05-14 14:17:43,059 INFO scan done  signals=0
2026-05-14 14:23:18,920 INFO scan started  force=False
2026-05-14 14:23:21,268 INFO universe=16 symbols  regime=🟢 intraday bull — SPY above VWAP + EMA9>21  first-30m SPY: +0.10%
2026-05-14 14:23:23,341 INFO scan done  signals=0
2026-05-14 14:27:31,265 INFO scan started  force=True
2026-05-14 14:27:33,621 INFO universe=7 symbols  regime=🟢 intraday bull — SPY above VWAP + EMA9>21  first-30m SPY: +0.10%
2026-05-14 14:27:34,006 INFO scan done  signals=0
2026-05-14 14:28:55,564 INFO scan started  force=False
2026-05-14 14:28:58,373 INFO universe=13 symbols  regime=🟢 intraday bull — SPY above VWAP + EMA9>21  first-30m SPY: +0.10%
2026-05-14 14:28:59,411 INFO scan done  signals=0
2026-05-14 14:34:34,576 INFO scan started  force=False
2026-05-14 14:34:36,856 INFO universe=24 symbols  regime=🟢 intraday bull — SPY above VWAP + EMA9>21  first-30m SPY: +0.10%
2026-05-14 14:34:38,531 INFO scan done  signals=0
2026-05-14 14:40:10,371 INFO scan started  force=False
2026-05-14 14:40:12,768 INFO universe=28 symbols  regime=🟢 intraday bull — SPY above VWAP + EMA9>21  first-30m SPY: +0.10%
2026-05-14 14:40:16,177 INFO scan done  signals=0
2026-05-14 14:45:52,045 INFO scan started  force=False
2026-05-14 14:45:54,448 INFO universe=34 symbols  regime=🟢 intraday bull — SPY above VWAP + EMA9>21  first-30m SPY: +0.10%
2026-05-14 14:45:56,237 INFO scan done  signals=0
2026-05-14 14:46:18,367 INFO scan started  force=True
2026-05-14 14:46:21,679 INFO universe=5 symbols  regime=🟢 intraday bull — SPY above VWAP + EMA9>21  first-30m SPY: +0.10%
2026-05-14 14:46:22,125 INFO scan done  signals=0
2026-05-14 14:48:04,513 INFO scan started  force=False
2026-05-14 14:48:06,948 INFO universe=10 symbols  regime=🟢 intraday bull — SPY above VWAP + EMA9>21  first-30m SPY: +0.10%
2026-05-14 14:48:07,739 INFO scan done  signals=0
2026-05-14 14:53:43,536 INFO scan started  force=False
2026-05-14 14:53:45,965 INFO universe=11 symbols  regime=🟢 intraday bull — SPY above VWAP + EMA9>21  first-30m SPY: +0.10%
2026-05-14 14:53:46,711 INFO scan done  signals=0
2026-05-14 14:56:16,019 INFO scan started  force=False
2026-05-14 14:56:18,837 INFO universe=5 symbols  regime=🟢 intraday bull — SPY above VWAP + EMA9>21  first-30m SPY: +0.10%
2026-05-14 14:56:19,278 INFO scan done  signals=0
2026-05-14 14:56:23,745 INFO scan started  force=True
2026-05-14 14:56:23,917 INFO universe=5 symbols  regime=🟢 intraday bull — SPY above VWAP + EMA9>21  first-30m SPY: +0.10%
2026-05-14 14:56:23,923 INFO scan done  signals=0
2026-05-14 14:56:52,742 INFO scan started  force=True
2026-05-14 14:56:52,955 INFO universe=5 symbols  regime=🟢 intraday bull — SPY above VWAP + EMA9>21  first-30m SPY: +0.10%
2026-05-14 14:56:52,961 INFO scan done  signals=0
2026-05-14 15:00:40,566 INFO scan started  force=True
2026-05-14 15:00:46,715 INFO universe=45 symbols  regime=🟢 intraday bull — SPY above VWAP + EMA9>21  first-30m SPY: +0.10%
2026-05-14 15:00:49,166 INFO scan done  signals=0
2026-05-14 15:01:51,551 INFO scan started  force=False
2026-05-14 15:01:57,917 INFO universe=2 symbols  regime=🟢 intraday bull — SPY above VWAP + EMA9>21  first-30m SPY: +0.10%
2026-05-14 15:01:58,286 INFO scan done  signals=0
2026-05-14 15:03:33,708 INFO scan started  force=True
2026-05-14 15:03:36,371 INFO universe=16 symbols  regime=🟢 intraday bull — SPY above VWAP + EMA9>21  first-30m SPY: +0.10%
2026-05-14 15:03:37,314 INFO scan done  signals=0
2026-05-14 15:06:16,904 INFO scan started  force=False
2026-05-14 15:06:19,581 INFO universe=6 symbols  regime=🟢 intraday bull — SPY above VWAP + EMA9>21  first-30m SPY: +0.10%
2026-05-14 15:06:20,996 INFO scan done  signals=0
2026-05-14 15:11:53,347 INFO scan started  force=False
2026-05-14 15:11:55,910 INFO universe=4 symbols  regime=🟢 intraday bull — SPY above VWAP + EMA9>21  first-30m SPY: +0.10%
2026-05-14 15:11:56,267 INFO scan done  signals=0
2026-05-14 15:13:03,850 INFO scan started  force=False
2026-05-14 15:14:15,609 INFO scan started  force=False
2026-05-14 15:14:17,899 INFO universe=31 symbols  regime=🟢 intraday bull — SPY above VWAP + EMA9>21  first-30m SPY: +0.10%
2026-05-14 15:14:19,996 INFO scan done  signals=0
2026-05-14 15:14:51,157 INFO scan started  force=True
2026-05-14 15:14:51,421 INFO universe=31 symbols  regime=🟢 intraday bull — SPY above VWAP + EMA9>21  first-30m SPY: +0.10%
2026-05-14 15:14:51,461 INFO scan done  signals=0
2026-05-14 15:19:55,475 INFO scan started  force=False
2026-05-14 15:19:57,947 INFO universe=37 symbols  regime=🟢 intraday bull — SPY above VWAP + EMA9>21  first-30m SPY: +0.10%
2026-05-14 15:19:59,780 INFO scan done  signals=0
2026-05-14 15:22:33,578 INFO scan started  force=False
2026-05-14 15:25:32,123 INFO scan started  force=False
2026-05-14 15:25:34,474 INFO universe=45 symbols  regime=🟢 intraday bull — SPY above VWAP + EMA9>21  first-30m SPY: +0.10%
2026-05-14 15:25:36,662 INFO scan done  signals=0
2026-05-14 15:31:08,977 INFO scan started  force=False
2026-05-14 15:31:15,097 INFO universe=7 symbols  regime=🟢 intraday bull — SPY above VWAP + EMA9>21  first-30m SPY: +0.10%
2026-05-14 15:31:15,101 INFO scan done  signals=0
2026-05-14 15:36:35,908 INFO scan started  force=False
2026-05-14 15:36:38,225 INFO universe=5 symbols  regime=🟢 intraday bull — SPY above VWAP + EMA9>21  first-30m SPY: +0.10%
2026-05-14 15:36:38,226 INFO scan done  signals=0
2026-05-14 15:37:17,060 INFO scan started  force=False
2026-05-14 15:40:33,609 INFO scan started  force=True
2026-05-14 15:40:35,993 INFO universe=45 symbols  regime=🟢 intraday bull — SPY above VWAP + EMA9>21  first-30m SPY: +0.10%
2026-05-14 15:40:36,005 INFO scan done  signals=0
2026-05-14 15:42:02,574 INFO scan started  force=False
2026-05-14 15:42:05,352 INFO universe=14 symbols  regime=🟢 intraday bull — SPY above VWAP + EMA9>21  first-30m SPY: +0.10%
2026-05-14 15:42:05,358 INFO scan done  signals=0
2026-05-14 15:47:31,112 INFO scan started  force=False
2026-05-14 15:47:36,456 INFO universe=30 symbols  regime=🟢 intraday bull — SPY above VWAP + EMA9>21  first-30m SPY: +0.10%
2026-05-14 15:47:36,461 INFO scan done  signals=0
2026-05-14 15:55:31,470 INFO scan started  force=False
2026-05-14 15:55:35,264 INFO universe=45 symbols  regime=🟢 intraday bull — SPY above VWAP + EMA9>21  first-30m SPY: +0.10%
2026-05-14 15:55:35,268 INFO scan done  signals=0

  Multi-Algo Signals API
  Algos: largecap | spx | smallcap
  App (React build): http://localhost:5000/
  Dev mode (Vite):   cd web && npm run dev  → http://localhost:3000

 * Serving Flask app 'api'
 * Debug mode: off
WARNING: This is a development server. Do not use it in a production deployment. Use a production WSGI server instead.
 * Running on http://127.0.0.1:5000
Press CTRL+C to quit
2026-05-15 09:34:06,545 INFO scan started  force=False
2026-05-15 09:34:09,187 INFO universe=0 symbols  regime=🔴 intraday bear — SPY below VWAP or EMA9<21
2026-05-15 09:34:09,188 INFO scan done  signals=0
2026-05-15 09:39:09,255 INFO scan started  force=False
2026-05-15 09:39:12,432 INFO universe=0 symbols  regime=🔴 intraday bear — SPY below VWAP or EMA9<21
2026-05-15 09:39:12,433 INFO scan done  signals=0
2026-05-15 09:41:45,527 INFO scan started  force=True
2026-05-15 09:41:47,731 INFO universe=0 symbols  regime=🔴 intraday bear — SPY below VWAP or EMA9<21
2026-05-15 09:41:47,738 INFO scan done  signals=0
2026-05-15 09:44:12,537 INFO scan started  force=False
2026-05-15 09:44:15,066 INFO universe=0 symbols  regime=🔴 intraday bear — SPY below VWAP or EMA9<21
2026-05-15 09:44:15,067 INFO scan done  signals=0
2026-05-15 09:49:15,109 INFO scan started  force=False
2026-05-15 09:49:17,660 INFO universe=0 symbols  regime=🔴 intraday bear — SPY below VWAP or EMA9<21
2026-05-15 09:49:17,668 INFO scan done  signals=0
2026-05-15 09:49:52,784 INFO scan started  force=False
2026-05-15 09:49:55,856 INFO universe=0 symbols  regime=🔴 intraday bear — SPY below VWAP or EMA9<21
2026-05-15 09:49:55,862 INFO scan done  signals=0
2026-05-15 09:50:17,925 INFO scan started  force=True
2026-05-15 09:50:20,452 INFO universe=0 symbols  regime=🔴 intraday bear — SPY below VWAP or EMA9<21
2026-05-15 09:50:20,453 INFO scan done  signals=0
2026-05-15 09:54:55,872 INFO scan started  force=False
2026-05-15 09:54:58,094 INFO universe=6 symbols  regime=🔴 intraday bear — SPY below VWAP or EMA9<21
2026-05-15 09:55:01,787 INFO scan done  signals=0
2026-05-15 10:00:01,808 INFO scan started  force=False
2026-05-15 10:00:05,288 INFO universe=22 symbols  regime=🔴 intraday bear — SPY below VWAP or EMA9<21  first-30m SPY: -0.36%
2026-05-15 10:00:09,285 INFO signal  QCOM PUT  score=121  grade=S
2026-05-15 10:00:09,286 INFO ntfy → QCOM  grade=S  topic=aarav-scanner-9274
2026-05-15 10:00:09,546 INFO signal  WPM.TO PUT  score=113  grade=S
2026-05-15 10:00:09,546 INFO ntfy → WPM.TO  grade=S  topic=aarav-scanner-9274
2026-05-15 10:00:10,452 INFO signal  NET PUT  score=103  grade=S
2026-05-15 10:00:10,452 INFO ntfy → NET  grade=S  topic=aarav-scanner-9274
2026-05-15 10:00:10,880 INFO scan done  signals=3
2026-05-15 10:05:33,847 INFO scan started  force=False
2026-05-15 10:05:36,734 INFO universe=23 symbols  regime=🔴 intraday bear — SPY below VWAP or EMA9<21  first-30m SPY: -0.36%
2026-05-15 10:05:41,672 INFO signal  ABX.TO PUT  score=100  grade=S
2026-05-15 10:05:41,673 INFO ntfy → ABX.TO  grade=S  topic=aarav-scanner-9274
2026-05-15 10:05:42,070 INFO signal  MU PUT  score=100  grade=S
2026-05-15 10:05:42,071 INFO ntfy → MU  grade=S  topic=aarav-scanner-9274
2026-05-15 10:05:42,391 INFO signal  AMD PUT  score=100  grade=S
2026-05-15 10:05:42,392 INFO ntfy → AMD  grade=S  topic=aarav-scanner-9274
2026-05-15 10:05:42,511 INFO scan done  signals=3
2026-05-15 10:07:30,960 INFO scan started  force=False
2026-05-15 10:07:33,723 INFO universe=2 symbols  regime=🔴 intraday bear — SPY below VWAP or EMA9<21  first-30m SPY: -0.36%
2026-05-15 10:07:36,119 INFO scan done  signals=0
2026-05-15 10:11:24,482 INFO scan started  force=False
2026-05-15 10:11:26,842 INFO universe=0 symbols  regime=🔴 intraday bear — SPY below VWAP or EMA9<21  first-30m SPY: -0.36%
2026-05-15 10:11:26,843 INFO scan done  signals=0
2026-05-15 10:16:26,949 INFO scan started  force=False
2026-05-15 10:16:29,257 INFO universe=0 symbols  regime=🔴 intraday bear — SPY below VWAP or EMA9<21  first-30m SPY: -0.35%
2026-05-15 10:16:29,264 INFO scan done  signals=0
2026-05-15 10:21:29,365 INFO scan started  force=False
2026-05-15 10:21:31,685 INFO universe=0 symbols  regime=🔴 intraday bear — SPY below VWAP or EMA9<21  first-30m SPY: -0.35%
2026-05-15 10:21:31,691 INFO scan done  signals=0
2026-05-15 10:26:31,737 INFO scan started  force=False
2026-05-15 10:26:34,184 INFO universe=1 symbols  regime=🔴 intraday bear — SPY below VWAP or EMA9<21  first-30m SPY: -0.35%
2026-05-15 10:26:34,711 INFO scan done  signals=0
2026-05-15 10:31:34,745 INFO scan started  force=False
2026-05-15 10:31:37,058 INFO universe=1 symbols  regime=🔴 intraday bear — SPY below VWAP or EMA9<21  first-30m SPY: -0.35%
2026-05-15 10:31:37,628 INFO scan done  signals=0
2026-05-15 10:36:37,672 INFO scan started  force=False
2026-05-15 10:36:40,020 INFO universe=1 symbols  regime=🔴 intraday bear — SPY below VWAP or EMA9<21  first-30m SPY: -0.35%
2026-05-15 10:36:40,720 INFO scan done  signals=0
2026-05-15 10:41:40,825 INFO scan started  force=False
2026-05-15 10:41:43,091 INFO universe=0 symbols  regime=🔴 intraday bear — SPY below VWAP or EMA9<21  first-30m SPY: -0.35%
2026-05-15 10:41:43,091 INFO scan done  signals=0
2026-05-15 10:46:43,192 INFO scan started  force=False
2026-05-15 10:46:45,681 INFO universe=0 symbols  regime=🔴 intraday bear — SPY below VWAP or EMA9<21  first-30m SPY: -0.35%
2026-05-15 10:46:45,682 INFO scan done  signals=0
2026-05-15 10:51:45,735 INFO scan started  force=False
2026-05-15 10:51:48,097 INFO universe=0 symbols  regime=🔴 intraday bear — SPY below VWAP or EMA9<21  first-30m SPY: -0.35%
2026-05-15 10:51:48,098 INFO scan done  signals=0
2026-05-15 10:56:21,330 INFO scan started  force=True
2026-05-15 10:56:24,551 INFO universe=1 symbols  regime=🔴 intraday bear — SPY below VWAP or EMA9<21  first-30m SPY: -0.35%
2026-05-15 10:56:27,083 INFO scan done  signals=0
2026-05-15 10:56:48,162 INFO scan started  force=False
2026-05-15 10:56:48,383 INFO universe=1 symbols  regime=🔴 intraday bear — SPY below VWAP or EMA9<21  first-30m SPY: -0.35%
2026-05-15 10:56:50,404 INFO scan done  signals=0
2026-05-15 11:01:50,504 INFO scan started  force=False
2026-05-15 11:01:52,543 INFO universe=1 symbols  regime=🔴 intraday bear — SPY below VWAP or EMA9<21  first-30m SPY: -0.35%
2026-05-15 11:01:53,031 INFO scan done  signals=0
2026-05-15 11:06:53,083 INFO scan started  force=False
2026-05-15 11:06:55,482 INFO universe=0 symbols  regime=🔴 intraday bear — SPY below VWAP or EMA9<21  first-30m SPY: -0.35%
2026-05-15 11:06:55,483 INFO scan done  signals=0
2026-05-15 11:11:55,547 INFO scan started  force=False
2026-05-15 11:11:57,943 INFO universe=1 symbols  regime=🔴 intraday bear — SPY below VWAP or EMA9<21  first-30m SPY: -0.35%
2026-05-15 11:11:58,485 INFO scan done  signals=0
2026-05-15 11:16:58,504 INFO scan started  force=False
2026-05-15 11:17:00,874 INFO universe=0 symbols  regime=🔴 intraday bear — SPY below VWAP or EMA9<21  first-30m SPY: -0.35%
2026-05-15 11:17:00,875 INFO scan done  signals=0
2026-05-15 11:22:00,977 INFO scan started  force=False
2026-05-15 11:22:03,335 INFO universe=1 symbols  regime=🔴 intraday bear — SPY below VWAP or EMA9<21  first-30m SPY: -0.35%
2026-05-15 11:22:03,854 INFO scan done  signals=0
2026-05-15 11:26:34,326 INFO scan started  force=True
2026-05-15 11:26:37,250 INFO universe=0 symbols  regime=🔴 intraday bear — SPY below VWAP or EMA9<21  first-30m SPY: -0.35%
2026-05-15 11:26:37,251 INFO scan done  signals=0
2026-05-15 11:27:03,954 INFO scan started  force=False
2026-05-15 11:27:06,535 INFO universe=1 symbols  regime=🔴 intraday bear — SPY below VWAP or EMA9<21  first-30m SPY: -0.35%
2026-05-15 11:27:09,902 INFO scan done  signals=0
2026-05-15 11:32:10,002 INFO scan started  force=False
2026-05-15 11:32:12,419 INFO universe=1 symbols  regime=🔴 intraday bear — SPY below VWAP or EMA9<21  first-30m SPY: -0.35%
2026-05-15 11:32:12,989 INFO scan done  signals=0
2026-05-15 11:37:13,072 INFO scan started  force=False
2026-05-15 11:37:15,523 INFO universe=2 symbols  regime=🔴 intraday bear — SPY below VWAP or EMA9<21  first-30m SPY: -0.35%
2026-05-15 11:37:16,171 INFO scan done  signals=0
2026-05-15 11:42:16,189 INFO scan started  force=False
2026-05-15 11:42:18,560 INFO universe=2 symbols  regime=🔴 intraday bear — SPY below VWAP or EMA9<21  first-30m SPY: -0.35%
2026-05-15 11:42:19,442 INFO scan done  signals=0
2026-05-15 11:47:19,536 INFO scan started  force=False
2026-05-15 11:47:21,738 INFO universe=1 symbols  regime=🔴 intraday bear — SPY below VWAP or EMA9<21  first-30m SPY: -0.35%
2026-05-15 11:47:22,435 INFO scan done  signals=0
2026-05-15 11:52:22,442 INFO scan started  force=False
2026-05-15 11:52:25,490 INFO universe=1 symbols  regime=🔴 intraday bear — SPY below VWAP or EMA9<21  first-30m SPY: -0.35%
2026-05-15 11:52:25,974 INFO scan done  signals=0
2026-05-15 11:57:26,058 INFO scan started  force=False
2026-05-15 11:57:28,470 INFO universe=1 symbols  regime=🔴 intraday bear — SPY below VWAP or EMA9<21  first-30m SPY: -0.35%
2026-05-15 11:57:28,477 INFO scan done  signals=0
2026-05-15 12:02:28,525 INFO scan started  force=False
2026-05-15 12:02:31,119 INFO universe=3 symbols  regime=🔴 intraday bear — SPY below VWAP or EMA9<21  first-30m SPY: -0.35%
2026-05-15 12:02:31,786 INFO scan done  signals=0
2026-05-15 12:07:31,886 INFO scan started  force=False
2026-05-15 12:07:34,581 INFO universe=0 symbols  regime=🔴 intraday bear — SPY below VWAP or EMA9<21  first-30m SPY: -0.35%
2026-05-15 12:07:34,587 INFO scan done  signals=0
2026-05-15 12:12:34,692 INFO scan started  force=False
2026-05-15 12:12:37,119 INFO universe=0 symbols  regime=🔴 intraday bear — SPY below VWAP or EMA9<21  first-30m SPY: -0.35%
2026-05-15 12:12:37,120 INFO scan done  signals=0
2026-05-15 12:17:37,132 INFO scan started  force=False
2026-05-15 12:17:39,310 INFO universe=0 symbols  regime=🔴 intraday bear — SPY below VWAP or EMA9<21  first-30m SPY: -0.35%
2026-05-15 12:17:39,311 INFO scan done  signals=0
2026-05-15 12:22:39,355 INFO scan started  force=False
2026-05-15 12:22:41,904 INFO universe=2 symbols  regime=🔴 intraday bear — SPY below VWAP or EMA9<21  first-30m SPY: -0.35%
2026-05-15 12:22:42,711 INFO scan done  signals=0
2026-05-15 12:27:42,812 INFO scan started  force=False
2026-05-15 12:27:45,361 INFO universe=5 symbols  regime=🔴 intraday bear — SPY below VWAP or EMA9<21  first-30m SPY: -0.35%
2026-05-15 12:27:47,723 INFO scan done  signals=0
2026-05-15 12:32:47,823 INFO scan started  force=False
2026-05-15 12:32:50,022 INFO universe=4 symbols  regime=🔴 intraday bear — SPY below VWAP or EMA9<21  first-30m SPY: -0.35%
2026-05-15 12:32:52,303 INFO scan done  signals=0
2026-05-15 12:37:52,406 INFO scan started  force=False
2026-05-15 12:37:54,908 INFO universe=0 symbols  regime=🔴 intraday bear — SPY below VWAP or EMA9<21  first-30m SPY: -0.35%
2026-05-15 12:37:54,909 INFO scan done  signals=0
2026-05-15 12:42:54,978 INFO scan started  force=False
2026-05-15 12:42:57,380 INFO universe=0 symbols  regime=🔴 intraday bear — SPY below VWAP or EMA9<21  first-30m SPY: -0.35%
2026-05-15 12:42:57,381 INFO scan done  signals=0
2026-05-15 12:47:57,483 INFO scan started  force=False
2026-05-15 12:48:00,211 INFO universe=1 symbols  regime=🟢 intraday bull — SPY above VWAP + EMA9>21  first-30m SPY: -0.35%
2026-05-15 12:48:00,891 INFO scan done  signals=0
2026-05-15 12:53:01,391 INFO scan started  force=False
2026-05-15 12:53:03,849 INFO universe=1 symbols  regime=🟢 intraday bull — SPY above VWAP + EMA9>21  first-30m SPY: -0.35%
2026-05-15 12:53:04,411 INFO scan done  signals=0
2026-05-15 12:58:04,911 INFO scan started  force=False
2026-05-15 12:58:07,855 INFO universe=2 symbols  regime=🔴 intraday bear — SPY below VWAP or EMA9<21  first-30m SPY: -0.35%
2026-05-15 12:58:08,448 INFO scan done  signals=0
2026-05-15 13:03:12,933 INFO scan started  force=False
2026-05-15 13:03:15,108 INFO universe=3 symbols  regime=🔴 intraday bear — SPY below VWAP or EMA9<21  first-30m SPY: -0.35%
2026-05-15 13:03:15,815 INFO scan done  signals=0
2026-05-15 13:08:20,183 INFO scan started  force=False
2026-05-15 13:08:22,364 INFO universe=1 symbols  regime=🟢 intraday bull — SPY above VWAP + EMA9>21  first-30m SPY: -0.35%
2026-05-15 13:08:22,878 INFO scan done  signals=0
2026-05-15 13:13:27,749 INFO scan started  force=False
2026-05-15 13:13:30,426 INFO universe=2 symbols  regime=🟢 intraday bull — SPY above VWAP + EMA9>21  first-30m SPY: -0.35%
2026-05-15 13:13:31,074 INFO scan done  signals=0
2026-05-15 13:18:35,611 INFO scan started  force=False
2026-05-15 13:18:38,081 INFO universe=1 symbols  regime=🟢 intraday bull — SPY above VWAP + EMA9>21  first-30m SPY: -0.35%
2026-05-15 13:18:38,718 INFO scan done  signals=0
2026-05-15 13:23:43,701 INFO scan started  force=False
2026-05-15 13:23:46,176 INFO universe=1 symbols  regime=🟢 intraday bull — SPY above VWAP + EMA9>21  first-30m SPY: -0.35%
2026-05-15 13:23:47,108 INFO scan done  signals=0
2026-05-15 13:28:52,692 INFO scan started  force=False
2026-05-15 13:28:55,454 INFO universe=11 symbols  regime=🟢 intraday bull — SPY above VWAP + EMA9>21  first-30m SPY: -0.35%
2026-05-15 13:28:56,636 INFO scan done  signals=0
2026-05-15 13:34:01,692 INFO scan started  force=False
2026-05-15 13:34:04,028 INFO universe=12 symbols  regime=🟢 intraday bull — SPY above VWAP + EMA9>21  first-30m SPY: -0.35%
2026-05-15 13:34:05,136 INFO scan done  signals=0
2026-05-15 13:39:10,836 INFO scan started  force=False
2026-05-15 13:39:13,202 INFO universe=8 symbols  regime=🟢 intraday bull — SPY above VWAP + EMA9>21  first-30m SPY: -0.35%
2026-05-15 13:39:15,536 INFO scan done  signals=0
2026-05-15 13:39:53,039 INFO scan started  force=False
2026-05-15 13:44:20,718 INFO scan started  force=False
2026-05-15 13:44:23,115 INFO universe=7 symbols  regime=🟢 intraday bull — SPY above VWAP + EMA9>21  first-30m SPY: -0.35%
2026-05-15 13:44:23,872 INFO scan done  signals=0
2026-05-15 13:46:27,901 INFO scan started  force=False
2026-05-15 13:46:30,168 INFO universe=0 symbols  regime=🟢 intraday bull — SPY above VWAP + EMA9>21  first-30m SPY: -0.35%
2026-05-15 13:46:30,168 INFO scan done  signals=0
2026-05-15 13:49:17,045 INFO scan started  force=False
2026-05-15 13:49:19,233 INFO universe=9 symbols  regime=🟢 intraday bull — SPY above VWAP + EMA9>21  first-30m SPY: -0.35%
2026-05-15 13:49:20,227 INFO scan done  signals=0
2026-05-15 13:54:25,673 INFO scan started  force=False
2026-05-15 13:54:28,310 INFO universe=9 symbols  regime=🟢 intraday bull — SPY above VWAP + EMA9>21  first-30m SPY: -0.35%
2026-05-15 13:54:29,827 INFO scan done  signals=0
2026-05-15 13:59:35,170 INFO scan started  force=False
2026-05-15 13:59:37,569 INFO universe=5 symbols  regime=🟢 intraday bull — SPY above VWAP + EMA9>21  first-30m SPY: -0.35%
2026-05-15 13:59:39,275 INFO scan done  signals=0
2026-05-15 14:04:44,643 INFO scan started  force=False
2026-05-15 14:04:47,114 INFO universe=20 symbols  regime=🟢 intraday bull — SPY above VWAP + EMA9>21  first-30m SPY: -0.35%
2026-05-15 14:04:48,971 INFO scan done  signals=0
2026-05-15 14:09:55,519 INFO scan started  force=False
2026-05-15 14:09:57,811 INFO universe=10 symbols  regime=🟢 intraday bull — SPY above VWAP + EMA9>21  first-30m SPY: -0.35%
2026-05-15 14:09:59,434 INFO scan done  signals=0
2026-05-15 14:15:05,210 INFO scan started  force=False
2026-05-15 14:15:07,417 INFO universe=14 symbols  regime=🟢 intraday bull — SPY above VWAP + EMA9>21  first-30m SPY: -0.35%
2026-05-15 14:15:09,010 INFO scan done  signals=0
2026-05-15 14:20:15,417 INFO scan started  force=False
2026-05-15 14:20:17,749 INFO universe=26 symbols  regime=🟢 intraday bull — SPY above VWAP + EMA9>21  first-30m SPY: -0.35%
2026-05-15 14:20:20,111 INFO scan done  signals=0
2026-05-15 14:25:25,990 INFO scan started  force=False
2026-05-15 14:25:28,045 INFO universe=13 symbols  regime=🟢 intraday bull — SPY above VWAP + EMA9>21  first-30m SPY: -0.35%
2026-05-15 14:25:29,787 INFO scan done  signals=0
2026-05-15 14:30:35,772 INFO scan started  force=False
2026-05-15 14:30:39,102 INFO universe=17 symbols  regime=🟢 intraday bull — SPY above VWAP + EMA9>21  first-30m SPY: -0.35%
2026-05-15 14:30:40,811 INFO scan done  signals=0
2026-05-15 14:35:47,185 INFO scan started  force=False
2026-05-15 14:35:50,461 INFO universe=22 symbols  regime=🟢 intraday bull — SPY above VWAP + EMA9>21  first-30m SPY: -0.35%
2026-05-15 14:35:52,568 INFO scan done  signals=0
2026-05-15 14:40:59,175 INFO scan started  force=False
2026-05-15 14:41:01,585 INFO universe=15 symbols  regime=🔴 intraday bear — SPY below VWAP or EMA9<21  first-30m SPY: -0.35%
2026-05-15 14:41:03,219 INFO scan done  signals=0
2026-05-15 14:46:09,522 INFO scan started  force=False
2026-05-15 14:46:11,783 INFO universe=2 symbols  regime=🔴 intraday bear — SPY below VWAP or EMA9<21  first-30m SPY: -0.35%
2026-05-15 14:46:12,445 INFO scan done  signals=0
2026-05-15 14:51:19,411 INFO scan started  force=False
2026-05-15 14:51:21,780 INFO universe=1 symbols  regime=🔴 intraday bear — SPY below VWAP or EMA9<21  first-30m SPY: -0.35%
2026-05-15 14:51:22,897 INFO scan done  signals=0
2026-05-15 14:56:29,346 INFO scan started  force=False
2026-05-15 14:56:31,543 INFO universe=1 symbols  regime=🔴 intraday bear — SPY below VWAP or EMA9<21  first-30m SPY: -0.35%
2026-05-15 14:56:32,068 INFO scan done  signals=0
2026-05-15 15:01:38,415 INFO scan started  force=False
2026-05-15 15:01:40,673 INFO universe=1 symbols  regime=🔴 intraday bear — SPY below VWAP or EMA9<21  first-30m SPY: -0.35%
2026-05-15 15:01:41,212 INFO scan done  signals=0
2026-05-15 15:06:45,003 INFO scan started  force=False
2026-05-15 15:06:48,221 INFO universe=2 symbols  regime=🔴 intraday bear — SPY below VWAP or EMA9<21  first-30m SPY: -0.35%
2026-05-15 15:06:48,818 INFO scan done  signals=0
2026-05-15 15:11:54,248 INFO scan started  force=False
2026-05-15 15:11:56,661 INFO universe=1 symbols  regime=🔴 intraday bear — SPY below VWAP or EMA9<21  first-30m SPY: -0.35%
2026-05-15 15:11:57,309 INFO scan done  signals=0
2026-05-15 15:17:04,102 INFO scan started  force=False
2026-05-15 15:17:06,349 INFO universe=0 symbols  regime=🔴 intraday bear — SPY below VWAP or EMA9<21  first-30m SPY: -0.35%
2026-05-15 15:17:06,351 INFO scan done  signals=0
2026-05-15 15:18:22,053 INFO scan started  force=False
2026-05-15 15:18:25,222 INFO universe=7 symbols  regime=🔴 intraday bear — SPY below VWAP or EMA9<21  first-30m SPY: -0.35%
2026-05-15 15:18:25,950 INFO scan done  signals=0
2026-05-15 15:23:32,699 INFO scan started  force=False
2026-05-15 15:23:35,104 INFO universe=5 symbols  regime=🔴 intraday bear — SPY below VWAP or EMA9<21  first-30m SPY: -0.35%
2026-05-15 15:23:35,678 INFO scan done  signals=0
2026-05-15 15:28:41,844 INFO scan started  force=False
2026-05-15 15:28:44,004 INFO universe=11 symbols  regime=🔴 intraday bear — SPY below VWAP or EMA9<21  first-30m SPY: -0.35%
2026-05-15 15:28:45,620 INFO scan done  signals=0
2026-05-15 15:33:51,966 INFO scan started  force=False
2026-05-15 15:33:54,416 INFO universe=23 symbols  regime=🔴 intraday bear — SPY below VWAP or EMA9<21  first-30m SPY: -0.35%
2026-05-15 15:33:54,418 INFO scan done  signals=0
2026-05-15 15:39:02,036 INFO scan started  force=False
2026-05-15 15:39:05,292 INFO universe=33 symbols  regime=🔴 intraday bear — SPY below VWAP or EMA9<21  first-30m SPY: -0.35%
2026-05-15 15:39:05,301 INFO scan done  signals=0
2026-05-15 15:39:19,223 INFO scan started  force=False
2026-05-15 15:39:21,724 INFO universe=35 symbols  regime=🔴 intraday bear — SPY below VWAP or EMA9<21  first-30m SPY: -0.35%
2026-05-15 15:39:21,728 INFO scan done  signals=0
2026-05-15 15:40:20,014 INFO scan started  force=True
2026-05-15 15:40:21,812 INFO universe=42 symbols  regime=🔴 intraday bear — SPY below VWAP or EMA9<21  first-30m SPY: -0.35%
2026-05-15 15:40:21,816 INFO scan done  signals=0
2026-05-15 15:44:29,653 INFO scan started  force=False
2026-05-15 15:44:32,114 INFO universe=39 symbols  regime=🔴 intraday bear — SPY below VWAP or EMA9<21  first-30m SPY: -0.35%
2026-05-15 15:44:32,118 INFO scan done  signals=0
2026-05-15 15:46:36,495 INFO EOD swing sweep triggered from api.py
2026-05-15 15:46:36,496 INFO scan started  force=False
2026-05-15 15:46:38,861 INFO universe=2 symbols  regime=🔴 intraday bear — SPY below VWAP or EMA9<21  first-30m SPY: -0.35%
2026-05-15 15:46:38,862 INFO scan done  signals=0
2026-05-15 15:51:46,061 INFO scan started  force=False
2026-05-15 15:51:47,943 INFO universe=15 symbols  regime=🔴 intraday bear — SPY below VWAP or EMA9<21  first-30m SPY: -0.35%
2026-05-15 15:51:47,946 INFO scan done  signals=0
2026-05-15 15:56:55,002 INFO scan started  force=False
2026-05-15 15:56:57,534 INFO universe=43 symbols  regime=🔴 intraday bear — SPY below VWAP or EMA9<21  first-30m SPY: -0.35%
2026-05-15 15:56:57,538 INFO scan done  signals=0

  Multi-Algo Signals API
  Algos: largecap | spx | smallcap
  App (React build): http://localhost:5000/
  Dev mode (Vite):   cd web && npm run dev  → http://localhost:3000

 * Serving Flask app 'api'
 * Debug mode: off
WARNING: This is a development server. Do not use it in a production deployment. Use a production WSGI server instead.
 * Running on http://127.0.0.1:5000
Press CTRL+C to quit

  Multi-Algo Signals API
  Algos: largecap | spx | smallcap
  App (React build): http://localhost:5000/
  Dev mode (Vite):   cd web && npm run dev  → http://localhost:3000

 * Serving Flask app 'api'
 * Debug mode: off
WARNING: This is a development server. Do not use it in a production deployment. Use a production WSGI server instead.
 * Running on http://127.0.0.1:5000
Press CTRL+C to quit

  Multi-Algo Signals API
  Algos: largecap | spx | smallcap
  App (React build): http://localhost:5000/
  Dev mode (Vite):   cd web && npm run dev  → http://localhost:3000

 * Serving Flask app 'api'
 * Debug mode: off
WARNING: This is a development server. Do not use it in a production deployment. Use a production WSGI server instead.
 * Running on http://127.0.0.1:5000
Press CTRL+C to quit
2026-05-18 12:28:14,117 INFO scan started  force=False

  Multi-Algo Signals API
  Algos: largecap | spx | smallcap
  App (React build): http://localhost:5000/
  Dev mode (Vite):   cd web && npm run dev  → http://localhost:3000

 * Serving Flask app 'api'
 * Debug mode: off
WARNING: This is a development server. Do not use it in a production deployment. Use a production WSGI server instead.
 * Running on http://127.0.0.1:5000
Press CTRL+C to quit
2026-05-18 12:28:16,572 INFO universe=6 symbols  regime=🔴 intraday bear — SPY below VWAP or EMA9<21  first-30m SPY: +0.10%
2026-05-18 12:29:43,729 INFO scan started  force=False
2026-05-18 12:29:46,055 INFO universe=18 symbols  regime=🔴 intraday bear — SPY below VWAP or EMA9<21  first-30m SPY: +0.10%
2026-05-18 12:29:50,692 INFO signal  AMAT PUT  score=100  grade=S
2026-05-18 12:29:50,693 INFO ntfy → AMAT  grade=S  topic=aarav-scanner-9274
2026-05-18 12:29:51,232 INFO signal  MU PUT  score=100  grade=S
2026-05-18 12:29:51,232 INFO ntfy → MU  grade=S  topic=aarav-scanner-9274
2026-05-18 12:29:51,522 INFO signal  NVDA PUT  score=97  grade=S
2026-05-18 12:29:51,523 INFO ntfy → NVDA  grade=S  topic=aarav-scanner-9274
2026-05-18 12:29:51,826 INFO signal  ORCL PUT  score=97  grade=S
2026-05-18 12:29:51,827 INFO ntfy → ORCL  grade=S  topic=aarav-scanner-9274
2026-05-18 12:29:52,192 INFO signal  AMD PUT  score=100  grade=S
2026-05-18 12:29:52,192 INFO ntfy → AMD  grade=S  topic=aarav-scanner-9274
2026-05-18 12:29:52,327 INFO scan done  signals=5
2026-05-18 12:34:52,427 INFO scan started  force=False
2026-05-18 12:34:55,025 INFO universe=14 symbols  regime=🔴 intraday bear — SPY below VWAP or EMA9<21  first-30m SPY: +0.10%
2026-05-18 12:34:58,391 INFO scan done  signals=0
2026-05-18 12:39:58,491 INFO scan started  force=False
2026-05-18 12:40:01,011 INFO universe=7 symbols  regime=🔴 intraday bear — SPY below VWAP or EMA9<21  first-30m SPY: +0.10%
2026-05-18 12:40:01,715 INFO scan done  signals=0
2026-05-18 12:45:01,814 INFO scan started  force=False
2026-05-18 12:45:04,197 INFO universe=7 symbols  regime=🔴 intraday bear — SPY below VWAP or EMA9<21  first-30m SPY: +0.10%
2026-05-18 12:45:04,996 INFO scan done  signals=0
2026-05-18 12:50:05,097 INFO scan started  force=False
2026-05-18 12:50:07,347 INFO universe=5 symbols  regime=🔴 intraday bear — SPY below VWAP or EMA9<21  first-30m SPY: +0.10%
2026-05-18 12:50:08,047 INFO scan done  signals=0
2026-05-18 12:55:08,147 INFO scan started  force=False
2026-05-18 12:55:10,512 INFO universe=18 symbols  regime=🔴 intraday bear — SPY below VWAP or EMA9<21  first-30m SPY: +0.10%
2026-05-18 12:55:14,632 INFO scan done  signals=0
2026-05-18 13:00:14,679 INFO scan started  force=False
2026-05-18 13:00:17,297 INFO universe=23 symbols  regime=🔴 intraday bear — SPY below VWAP or EMA9<21  first-30m SPY: +0.10%
2026-05-18 13:00:20,850 INFO scan done  signals=0
2026-05-18 13:05:20,910 INFO scan started  force=False
2026-05-18 13:05:23,315 INFO universe=13 symbols  regime=🔴 intraday bear — SPY below VWAP or EMA9<21  first-30m SPY: +0.10%
2026-05-18 13:05:25,734 INFO scan done  signals=0
2026-05-18 13:10:25,793 INFO scan started  force=False
2026-05-18 13:10:28,228 INFO universe=18 symbols  regime=🔴 intraday bear — SPY below VWAP or EMA9<21  first-30m SPY: +0.10%
2026-05-18 13:10:31,177 INFO scan done  signals=0
2026-05-18 13:15:31,214 INFO scan started  force=False
2026-05-18 13:15:33,486 INFO universe=10 symbols  regime=🔴 intraday bear — SPY below VWAP or EMA9<21  first-30m SPY: +0.10%
2026-05-18 13:15:35,938 INFO scan done  signals=0
2026-05-18 13:20:36,038 INFO scan started  force=False
2026-05-18 13:20:38,519 INFO universe=17 symbols  regime=🔴 intraday bear — SPY below VWAP or EMA9<21  first-30m SPY: +0.10%
2026-05-18 13:20:40,181 INFO scan done  signals=0
2026-05-18 13:25:40,274 INFO scan started  force=False
2026-05-18 13:25:42,751 INFO universe=11 symbols  regime=🔴 intraday bear — SPY below VWAP or EMA9<21  first-30m SPY: +0.10%
2026-05-18 13:25:43,848 INFO scan done  signals=0
2026-05-18 13:30:43,949 INFO scan started  force=False
2026-05-18 13:30:46,259 INFO universe=16 symbols  regime=🔴 intraday bear — SPY below VWAP or EMA9<21  first-30m SPY: +0.10%
2026-05-18 13:30:49,488 INFO scan done  signals=0
2026-05-18 13:35:49,541 INFO scan started  force=False
2026-05-18 13:35:51,892 INFO universe=18 symbols  regime=🔴 intraday bear — SPY below VWAP or EMA9<21  first-30m SPY: +0.10%
2026-05-18 13:35:55,402 INFO signal  MU PUT  score=100  grade=S
2026-05-18 13:35:55,402 INFO ntfy → MU  grade=S  topic=aarav-scanner-9274
2026-05-18 13:35:55,529 INFO scan done  signals=1
2026-05-18 13:40:55,630 INFO scan started  force=False
2026-05-18 13:40:58,020 INFO universe=13 symbols  regime=🔴 intraday bear — SPY below VWAP or EMA9<21  first-30m SPY: +0.10%
2026-05-18 13:41:01,239 INFO scan done  signals=0
2026-05-18 13:43:53,636 INFO scan started  force=True
2026-05-18 13:43:55,900 INFO universe=2 symbols  regime=🔴 intraday bear — SPY below VWAP or EMA9<21  first-30m SPY: +0.10%
2026-05-18 13:43:56,435 INFO scan done  signals=0
2026-05-18 13:46:01,339 INFO scan started  force=False
2026-05-18 13:46:03,843 INFO universe=5 symbols  regime=🔴 intraday bear — SPY below VWAP or EMA9<21  first-30m SPY: +0.10%
2026-05-18 13:46:04,423 INFO scan done  signals=0
2026-05-18 13:51:04,521 INFO scan started  force=False
2026-05-18 13:51:06,884 INFO universe=3 symbols  regime=🔴 intraday bear — SPY below VWAP or EMA9<21  first-30m SPY: +0.10%
2026-05-18 13:51:07,982 INFO scan done  signals=0
2026-05-18 13:56:08,000 INFO scan started  force=False
2026-05-18 13:56:10,468 INFO universe=5 symbols  regime=🔴 intraday bear — SPY below VWAP or EMA9<21  first-30m SPY: +0.10%
2026-05-18 13:56:11,250 INFO scan done  signals=0
2026-05-18 14:01:11,350 INFO scan started  force=False
2026-05-18 14:01:13,707 INFO universe=3 symbols  regime=🔴 intraday bear — SPY below VWAP or EMA9<21  first-30m SPY: +0.10%
2026-05-18 14:01:14,289 INFO scan done  signals=0
2026-05-18 14:06:14,362 INFO scan started  force=False
2026-05-18 14:06:17,610 INFO universe=0 symbols  regime=🔴 intraday bear — SPY below VWAP or EMA9<21  first-30m SPY: +0.10%
2026-05-18 14:06:17,610 INFO scan done  signals=0
2026-05-18 14:11:17,711 INFO scan started  force=False
2026-05-18 14:11:19,985 INFO universe=0 symbols  regime=🔴 intraday bear — SPY below VWAP or EMA9<21  first-30m SPY: +0.10%
2026-05-18 14:11:19,986 INFO scan done  signals=0
2026-05-18 14:16:20,087 INFO scan started  force=False
2026-05-18 14:16:22,611 INFO universe=1 symbols  regime=🔴 intraday bear — SPY below VWAP or EMA9<21  first-30m SPY: +0.10%
2026-05-18 14:16:25,060 INFO scan done  signals=0
2026-05-18 14:20:15,167 INFO scan started  force=True
2026-05-18 14:20:17,482 INFO universe=32 symbols  regime=🔴 intraday bear — SPY below VWAP or EMA9<21  first-30m SPY: +0.10%
2026-05-18 14:20:20,449 INFO signal  AMD PUT  score=100  grade=S
2026-05-18 14:20:20,449 INFO ntfy → AMD  grade=S  topic=aarav-scanner-9274
2026-05-18 14:20:20,670 INFO signal  MU PUT  score=100  grade=S
2026-05-18 14:20:20,670 INFO ntfy → MU  grade=S  topic=aarav-scanner-9274
2026-05-18 14:20:21,701 INFO scan done  signals=2
2026-05-18 14:21:25,105 INFO scan started  force=False
2026-05-18 14:21:28,259 INFO universe=2 symbols  regime=🔴 intraday bear — SPY below VWAP or EMA9<21  first-30m SPY: +0.10%
2026-05-18 14:21:28,863 INFO scan done  signals=0
2026-05-18 14:26:28,944 INFO scan started  force=False
2026-05-18 14:26:31,474 INFO universe=1 symbols  regime=🔴 intraday bear — SPY below VWAP or EMA9<21  first-30m SPY: +0.10%
2026-05-18 14:26:32,014 INFO scan done  signals=0
2026-05-18 14:31:32,115 INFO scan started  force=False
2026-05-18 14:31:35,037 INFO universe=1 symbols  regime=🔴 intraday bear — SPY below VWAP or EMA9<21  first-30m SPY: +0.10%
2026-05-18 14:31:35,565 INFO scan done  signals=0
2026-05-18 14:56:54,458 INFO scan started  force=False
2026-05-18 14:56:57,623 INFO universe=0 symbols  regime=🔴 intraday bear — SPY below VWAP or EMA9<21  first-30m SPY: +0.10%
2026-05-18 14:56:57,624 INFO scan done  signals=0
2026-05-18 15:02:03,204 INFO scan started  force=False
2026-05-18 15:02:06,043 INFO universe=33 symbols  regime=🔴 intraday bear — SPY below VWAP or EMA9<21  first-30m SPY: +0.10%
2026-05-18 15:02:11,129 INFO signal  MU PUT  score=100  grade=S
2026-05-18 15:02:11,129 INFO ntfy → MU  grade=S  topic=aarav-scanner-9274
2026-05-18 15:02:11,257 INFO scan done  signals=1
2026-05-18 15:07:16,454 INFO scan started  force=False
2026-05-18 15:07:19,371 INFO universe=13 symbols  regime=🔴 intraday bear — SPY below VWAP or EMA9<21  first-30m SPY: +0.10%
2026-05-18 15:07:20,533 INFO scan done  signals=0
2026-05-18 15:12:25,526 INFO scan started  force=False
2026-05-18 15:12:29,379 INFO universe=5 symbols  regime=🔴 intraday bear — SPY below VWAP or EMA9<21  first-30m SPY: +0.10%
2026-05-18 15:12:30,036 INFO scan done  signals=0
2026-05-18 15:17:35,368 INFO scan started  force=False
2026-05-18 15:17:37,736 INFO universe=4 symbols  regime=🔴 intraday bear — SPY below VWAP or EMA9<21  first-30m SPY: +0.10%
2026-05-18 15:17:38,444 INFO scan done  signals=0
2026-05-18 15:22:45,093 INFO scan started  force=False
2026-05-18 15:22:47,797 INFO universe=3 symbols  regime=🔴 intraday bear — SPY below VWAP or EMA9<21  first-30m SPY: +0.10%
2026-05-18 15:22:48,423 INFO scan done  signals=0
2026-05-18 15:27:54,302 INFO scan started  force=False
2026-05-18 15:27:56,406 INFO universe=2 symbols  regime=🔴 intraday bear — SPY below VWAP or EMA9<21  first-30m SPY: +0.10%
2026-05-18 15:27:56,994 INFO scan done  signals=0
2026-05-18 15:33:02,700 INFO scan started  force=False
2026-05-18 15:33:07,508 INFO universe=20 symbols  regime=🔴 intraday bear — SPY below VWAP or EMA9<21  first-30m SPY: +0.10%
2026-05-18 15:33:07,512 INFO scan done  signals=0
2026-05-18 15:38:13,419 INFO scan started  force=False
2026-05-18 15:38:15,866 INFO universe=22 symbols  regime=🔴 intraday bear — SPY below VWAP or EMA9<21  first-30m SPY: +0.10%
2026-05-18 15:38:15,873 INFO scan done  signals=0
2026-05-18 15:43:22,138 INFO scan started  force=False
2026-05-18 15:43:25,192 INFO universe=39 symbols  regime=🔴 intraday bear — SPY below VWAP or EMA9<21  first-30m SPY: +0.10%
2026-05-18 15:43:25,208 INFO scan done  signals=0
2026-05-18 15:48:32,461 INFO EOD swing sweep triggered from api.py
2026-05-18 15:48:32,469 INFO scan started  force=False
2026-05-18 15:48:34,984 INFO universe=30 symbols  regime=🔴 intraday bear — SPY below VWAP or EMA9<21  first-30m SPY: +0.10%
2026-05-18 15:48:34,998 INFO scan done  signals=0
2026-05-18 15:53:41,371 INFO scan started  force=False
2026-05-18 15:53:44,132 INFO universe=44 symbols  regime=🔴 intraday bear — SPY below VWAP or EMA9<21  first-30m SPY: +0.10%
2026-05-18 15:53:44,149 INFO scan done  signals=0
2026-05-18 15:58:51,241 INFO scan started  force=False
2026-05-18 15:58:53,660 INFO universe=45 symbols  regime=🔴 intraday bear — SPY below VWAP or EMA9<21  first-30m SPY: +0.10%
2026-05-18 15:58:53,664 INFO scan done  signals=0
2026-05-19 10:25:37,713 INFO scan started  force=False

  Multi-Algo Signals API
  Algos: largecap | spx | smallcap
  App (React build): http://localhost:5000/
  Dev mode (Vite):   cd web && npm run dev  → http://localhost:3000

 * Serving Flask app 'api'
 * Debug mode: off
WARNING: This is a development server. Do not use it in a production deployment. Use a production WSGI server instead.
 * Running on http://127.0.0.1:5000
Press CTRL+C to quit
2026-05-19 10:27:37,457 INFO scan started  force=False
2026-05-19 10:27:46,114 INFO scan started  force=False
2026-05-19 10:27:48,262 INFO universe=1 symbols  regime=🔴 intraday bear — SPY below VWAP or EMA9<21  first-30m SPY: +0.07%
2026-05-19 10:27:49,161 INFO scan done  signals=0
2026-05-19 10:28:35,945 INFO scan started  force=True
2026-05-19 10:28:37,883 INFO universe=3 symbols  regime=🔴 intraday bear — SPY below VWAP or EMA9<21  first-30m SPY: +0.07%
2026-05-19 10:28:38,535 INFO scan done  signals=0
2026-05-19 10:33:01,393 INFO scan started  force=False
2026-05-19 10:33:03,652 INFO universe=6 symbols  regime=🔴 intraday bear — SPY below VWAP or EMA9<21  first-30m SPY: +0.07%
2026-05-19 10:33:06,611 INFO scan done  signals=0
2026-05-19 10:38:23,203 INFO scan started  force=False
2026-05-19 10:38:25,378 INFO universe=4 symbols  regime=🔴 intraday bear — SPY below VWAP or EMA9<21  first-30m SPY: +0.07%
2026-05-19 10:38:27,879 INFO scan done  signals=0
2026-05-19 10:43:47,165 INFO scan started  force=False
2026-05-19 10:43:49,784 INFO universe=1 symbols  regime=🔴 intraday bear — SPY below VWAP or EMA9<21  first-30m SPY: +0.07%
2026-05-19 10:43:50,288 INFO scan done  signals=0
2026-05-19 10:49:06,583 INFO scan started  force=False
2026-05-19 10:49:08,858 INFO universe=11 symbols  regime=🔴 intraday bear — SPY below VWAP or EMA9<21  first-30m SPY: +0.07%
2026-05-19 10:49:11,903 INFO signal  NET PUT  score=92  grade=S
2026-05-19 10:49:11,904 INFO ntfy → NET  grade=S  topic=aarav-scanner-9274
2026-05-19 10:49:12,260 INFO signal  TSLA PUT  score=100  grade=S
2026-05-19 10:49:12,260 INFO ntfy → TSLA  grade=S  topic=aarav-scanner-9274
2026-05-19 10:49:12,593 INFO signal  ORCL PUT  score=100  grade=S
2026-05-19 10:49:12,595 INFO ntfy → ORCL  grade=S  topic=aarav-scanner-9274
2026-05-19 10:49:12,975 INFO scan done  signals=3
2026-05-19 10:54:30,918 INFO scan started  force=False
2026-05-19 10:54:33,149 INFO universe=5 symbols  regime=🔴 intraday bear — SPY below VWAP or EMA9<21  first-30m SPY: +0.07%
2026-05-19 10:54:33,814 INFO scan done  signals=0
2026-05-19 10:59:47,370 INFO scan started  force=False
2026-05-19 10:59:54,821 INFO universe=6 symbols  regime=🔴 intraday bear — SPY below VWAP or EMA9<21  first-30m SPY: +0.07%
2026-05-19 10:59:57,433 INFO signal  AMD PUT  score=100  grade=S
2026-05-19 10:59:57,434 INFO ntfy → AMD  grade=S  topic=aarav-scanner-9274
2026-05-19 10:59:57,782 INFO scan done  signals=1
2026-05-19 11:05:10,974 INFO scan started  force=False
2026-05-19 11:05:14,276 INFO universe=18 symbols  regime=🔴 intraday bear — SPY below VWAP or EMA9<21  first-30m SPY: +0.07%
2026-05-19 11:05:18,446 INFO scan done  signals=0
2026-05-19 11:10:32,435 INFO scan started  force=False
2026-05-19 11:10:34,704 INFO universe=12 symbols  regime=🔴 intraday bear — SPY below VWAP or EMA9<21  first-30m SPY: +0.07%
2026-05-19 11:10:38,432 INFO signal  AVGO PUT  score=100  grade=S
2026-05-19 11:10:38,432 INFO ntfy → AVGO  grade=S  topic=aarav-scanner-9274
2026-05-19 11:10:38,586 INFO scan done  signals=1
2026-05-19 11:15:57,343 INFO scan started  force=False
2026-05-19 11:15:59,984 INFO universe=8 symbols  regime=🔴 intraday bear — SPY below VWAP or EMA9<21  first-30m SPY: +0.07%
2026-05-19 11:16:02,401 INFO scan done  signals=0
2026-05-19 11:21:17,826 INFO scan started  force=False
2026-05-19 11:21:20,216 INFO universe=0 symbols  regime=🔴 intraday bear — SPY below VWAP or EMA9<21  first-30m SPY: +0.07%
2026-05-19 11:21:20,217 INFO scan done  signals=0
2026-05-19 11:26:36,863 INFO scan started  force=False
2026-05-19 11:26:38,908 INFO universe=2 symbols  regime=🔴 intraday bear — SPY below VWAP or EMA9<21  first-30m SPY: +0.07%
2026-05-19 11:26:41,230 INFO scan done  signals=0
2026-05-19 11:31:59,010 INFO scan started  force=False
2026-05-19 11:32:01,579 INFO universe=2 symbols  regime=🔴 intraday bear — SPY below VWAP or EMA9<21  first-30m SPY: +0.07%
2026-05-19 11:32:04,080 INFO scan done  signals=0
2026-05-19 11:37:20,402 INFO scan started  force=False
2026-05-19 11:37:22,703 INFO universe=0 symbols  regime=🔴 intraday bear — SPY below VWAP or EMA9<21  first-30m SPY: +0.07%
2026-05-19 11:37:22,710 INFO scan done  signals=0
2026-05-19 11:42:38,076 INFO scan started  force=False
2026-05-19 11:42:40,256 INFO universe=0 symbols  regime=🔴 intraday bear — SPY below VWAP or EMA9<21  first-30m SPY: +0.07%
2026-05-19 11:42:40,257 INFO scan done  signals=0
2026-05-19 11:47:56,285 INFO scan started  force=False
2026-05-19 11:47:59,008 INFO universe=0 symbols  regime=🔴 intraday bear — SPY below VWAP or EMA9<21  first-30m SPY: +0.07%
2026-05-19 11:47:59,010 INFO scan done  signals=0
2026-05-19 11:53:19,223 INFO scan started  force=False
2026-05-19 11:53:21,705 INFO universe=4 symbols  regime=🔴 intraday bear — SPY below VWAP or EMA9<21  first-30m SPY: +0.07%
2026-05-19 11:53:24,772 INFO scan done  signals=0
2026-05-19 11:58:45,860 INFO scan started  force=False
2026-05-19 11:58:48,010 INFO universe=2 symbols  regime=🔴 intraday bear — SPY below VWAP or EMA9<21  first-30m SPY: +0.07%
2026-05-19 11:58:50,233 INFO scan done  signals=0
2026-05-19 12:04:13,414 INFO scan started  force=False
2026-05-19 12:04:15,785 INFO universe=3 symbols  regime=🔴 intraday bear — SPY below VWAP or EMA9<21  first-30m SPY: +0.07%
2026-05-19 12:04:18,161 INFO scan done  signals=0
2026-05-19 12:09:38,086 INFO scan started  force=False
2026-05-19 12:09:40,302 INFO universe=3 symbols  regime=🔴 intraday bear — SPY below VWAP or EMA9<21  first-30m SPY: +0.07%
2026-05-19 12:09:42,896 INFO scan done  signals=0
2026-05-19 12:15:03,514 INFO scan started  force=False
2026-05-19 12:15:05,620 INFO universe=6 symbols  regime=🔴 intraday bear — SPY below VWAP or EMA9<21  first-30m SPY: +0.07%
2026-05-19 12:15:08,522 INFO scan done  signals=0
2026-05-19 12:20:27,985 INFO scan started  force=False
2026-05-19 12:20:30,332 INFO universe=9 symbols  regime=🔴 intraday bear — SPY below VWAP or EMA9<21  first-30m SPY: +0.07%
2026-05-19 12:20:33,351 INFO scan done  signals=0
2026-05-19 12:24:54,377 INFO scan started  force=True
2026-05-19 12:24:56,767 INFO universe=1 symbols  regime=🔴 intraday bear — SPY below VWAP or EMA9<21  first-30m SPY: +0.07%
2026-05-19 12:24:57,546 INFO scan done  signals=0
2026-05-19 12:25:52,633 INFO scan started  force=False
2026-05-19 12:25:55,806 INFO universe=5 symbols  regime=🔴 intraday bear — SPY below VWAP or EMA9<21  first-30m SPY: +0.07%
2026-05-19 12:25:58,326 INFO scan done  signals=0
2026-05-19 12:31:14,791 INFO scan started  force=False
2026-05-19 12:31:17,008 INFO universe=0 symbols  regime=🔴 intraday bear — SPY below VWAP or EMA9<21  first-30m SPY: +0.07%
2026-05-19 12:31:17,009 INFO scan done  signals=0
2026-05-19 12:36:34,558 INFO scan started  force=False
2026-05-19 12:36:36,750 INFO universe=2 symbols  regime=🔴 intraday bear — SPY below VWAP or EMA9<21  first-30m SPY: +0.07%
2026-05-19 12:36:39,106 INFO scan done  signals=0
2026-05-19 12:41:56,254 INFO scan started  force=False
2026-05-19 12:41:58,533 INFO universe=0 symbols  regime=🔴 intraday bear — SPY below VWAP or EMA9<21  first-30m SPY: +0.07%
2026-05-19 12:41:58,534 INFO scan done  signals=0
2026-05-19 12:47:18,538 INFO scan started  force=False
2026-05-19 12:47:20,530 INFO universe=2 symbols  regime=🔴 intraday bear — SPY below VWAP or EMA9<21  first-30m SPY: +0.07%
2026-05-19 12:47:22,823 INFO scan done  signals=0
2026-05-19 12:48:35,982 INFO scan started  force=True
2026-05-19 12:48:38,917 INFO universe=5 symbols  regime=🔴 intraday bear — SPY below VWAP or EMA9<21  first-30m SPY: +0.07%
2026-05-19 12:48:41,374 INFO scan done  signals=0
2026-05-19 12:52:42,838 INFO scan started  force=False
2026-05-19 12:52:44,988 INFO universe=0 symbols  regime=🔴 intraday bear — SPY below VWAP or EMA9<21  first-30m SPY: +0.07%
2026-05-19 12:52:44,989 INFO scan done  signals=0
2026-05-19 12:58:07,038 INFO scan started  force=False
2026-05-19 12:58:09,554 INFO universe=1 symbols  regime=🔴 intraday bear — SPY below VWAP or EMA9<21  first-30m SPY: +0.07%
2026-05-19 12:58:10,043 INFO scan done  signals=0
2026-05-19 13:03:28,959 INFO scan started  force=False
2026-05-19 13:03:31,179 INFO universe=2 symbols  regime=🔴 intraday bear — SPY below VWAP or EMA9<21  first-30m SPY: +0.07%
2026-05-19 13:03:31,814 INFO scan done  signals=0
2026-05-19 13:08:50,337 INFO scan started  force=False
2026-05-19 13:08:52,770 INFO universe=2 symbols  regime=🔴 intraday bear — SPY below VWAP or EMA9<21  first-30m SPY: +0.07%
2026-05-19 13:08:53,483 INFO scan done  signals=0
2026-05-19 13:14:14,068 INFO scan started  force=False
2026-05-19 13:14:16,048 INFO universe=5 symbols  regime=🔴 intraday bear — SPY below VWAP or EMA9<21  first-30m SPY: +0.07%
2026-05-19 13:14:18,498 INFO scan done  signals=0
2026-05-19 13:19:38,225 INFO scan started  force=False
2026-05-19 13:19:40,526 INFO universe=11 symbols  regime=🔴 intraday bear — SPY below VWAP or EMA9<21  first-30m SPY: +0.07%
2026-05-19 13:19:43,212 INFO scan done  signals=0
2026-05-19 13:24:55,842 INFO scan started  force=False
2026-05-19 13:24:58,459 INFO universe=14 symbols  regime=🔴 intraday bear — SPY below VWAP or EMA9<21  first-30m SPY: +0.07%
2026-05-19 13:25:01,672 INFO scan done  signals=0
2026-05-19 13:30:21,786 INFO scan started  force=False
2026-05-19 13:30:24,292 INFO universe=15 symbols  regime=🔴 intraday bear — SPY below VWAP or EMA9<21  first-30m SPY: +0.07%
2026-05-19 13:30:27,329 INFO scan done  signals=0
2026-05-19 13:35:45,554 INFO scan started  force=False
2026-05-19 13:35:47,682 INFO universe=15 symbols  regime=🔴 intraday bear — SPY below VWAP or EMA9<21  first-30m SPY: +0.07%
2026-05-19 13:35:49,901 INFO scan done  signals=0
2026-05-19 13:41:13,700 INFO scan started  force=False
2026-05-19 13:41:16,145 INFO universe=0 symbols  regime=🔴 intraday bear — SPY below VWAP or EMA9<21  first-30m SPY: +0.07%
2026-05-19 13:41:16,146 INFO scan done  signals=0
2026-05-19 13:46:36,595 INFO scan started  force=False
2026-05-19 13:46:39,182 INFO universe=0 symbols  regime=🔴 intraday bear — SPY below VWAP or EMA9<21  first-30m SPY: +0.07%
2026-05-19 13:46:39,183 INFO scan done  signals=0
2026-05-19 13:52:01,175 INFO scan started  force=False
2026-05-19 13:52:04,368 INFO universe=0 symbols  regime=🔴 intraday bear — SPY below VWAP or EMA9<21  first-30m SPY: +0.07%
2026-05-19 13:52:04,369 INFO scan done  signals=0
2026-05-19 13:57:31,078 INFO scan started  force=False
2026-05-19 13:57:33,246 INFO universe=0 symbols  regime=🔴 intraday bear — SPY below VWAP or EMA9<21  first-30m SPY: +0.07%
2026-05-19 13:57:33,247 INFO scan done  signals=0
2026-05-19 14:02:57,287 INFO scan started  force=False
2026-05-19 14:02:59,563 INFO universe=4 symbols  regime=🔴 intraday bear — SPY below VWAP or EMA9<21  first-30m SPY: +0.07%
2026-05-19 14:03:00,131 INFO scan done  signals=0
2026-05-19 14:08:03,978 INFO scan started  force=True
2026-05-19 14:08:06,368 INFO universe=2 symbols  regime=🔴 intraday bear — SPY below VWAP or EMA9<21  first-30m SPY: +0.07%
2026-05-19 14:08:06,958 INFO scan done  signals=0
2026-05-19 14:08:29,879 INFO scan started  force=False
2026-05-19 14:08:30,095 INFO universe=2 symbols  regime=🔴 intraday bear — SPY below VWAP or EMA9<21  first-30m SPY: +0.07%
2026-05-19 14:08:30,099 INFO scan done  signals=0
2026-05-19 14:13:56,717 INFO scan started  force=False
2026-05-19 14:13:59,071 INFO universe=7 symbols  regime=🔴 intraday bear — SPY below VWAP or EMA9<21  first-30m SPY: +0.07%
2026-05-19 14:14:01,537 INFO scan done  signals=0
2026-05-19 14:19:27,375 INFO scan started  force=False
2026-05-19 14:19:29,464 INFO universe=10 symbols  regime=🔴 intraday bear — SPY below VWAP or EMA9<21  first-30m SPY: +0.07%
2026-05-19 14:19:30,455 INFO scan done  signals=0
2026-05-19 14:24:58,829 INFO scan started  force=False
2026-05-19 14:25:00,816 INFO universe=14 symbols  regime=🔴 intraday bear — SPY below VWAP or EMA9<21  first-30m SPY: +0.07%
2026-05-19 14:25:03,715 INFO scan done  signals=0
2026-05-19 14:30:17,680 INFO scan started  force=False
2026-05-19 14:30:20,196 INFO universe=19 symbols  regime=🔴 intraday bear — SPY below VWAP or EMA9<21  first-30m SPY: +0.07%
2026-05-19 14:30:23,301 INFO scan done  signals=0
2026-05-19 14:35:45,296 INFO scan started  force=False
2026-05-19 14:35:47,320 INFO universe=15 symbols  regime=🔴 intraday bear — SPY below VWAP or EMA9<21  first-30m SPY: +0.07%
2026-05-19 14:35:49,328 INFO scan done  signals=0
2026-05-19 14:41:10,503 INFO scan started  force=False
2026-05-19 14:41:12,742 INFO universe=0 symbols  regime=🔴 intraday bear — SPY below VWAP or EMA9<21  first-30m SPY: +0.07%
2026-05-19 14:41:12,749 INFO scan done  signals=0
2026-05-19 14:46:33,638 INFO scan started  force=False
2026-05-19 14:46:35,991 INFO universe=0 symbols  regime=🔴 intraday bear — SPY below VWAP or EMA9<21  first-30m SPY: +0.07%
2026-05-19 14:46:35,992 INFO scan done  signals=0
2026-05-19 14:51:58,066 INFO scan started  force=False
2026-05-19 14:52:00,291 INFO universe=0 symbols  regime=🔴 intraday bear — SPY below VWAP or EMA9<21  first-30m SPY: +0.07%
2026-05-19 14:52:00,292 INFO scan done  signals=0
2026-05-19 14:57:20,576 INFO scan started  force=False
2026-05-19 14:57:22,695 INFO universe=2 symbols  regime=🔴 intraday bear — SPY below VWAP or EMA9<21  first-30m SPY: +0.07%
2026-05-19 14:57:23,233 INFO scan done  signals=0
2026-05-19 15:02:46,610 INFO scan started  force=False
2026-05-19 15:02:48,807 INFO universe=3 symbols  regime=🔴 intraday bear — SPY below VWAP or EMA9<21  first-30m SPY: +0.07%
2026-05-19 15:02:49,360 INFO scan done  signals=0
2026-05-19 15:08:09,832 INFO scan started  force=False
2026-05-19 15:08:11,971 INFO universe=4 symbols  regime=🔴 intraday bear — SPY below VWAP or EMA9<21  first-30m SPY: +0.07%
2026-05-19 15:08:12,531 INFO scan done  signals=0
2026-05-19 15:13:32,194 INFO scan started  force=False
2026-05-19 15:13:34,426 INFO universe=8 symbols  regime=🔴 intraday bear — SPY below VWAP or EMA9<21  first-30m SPY: +0.07%
2026-05-19 15:13:35,050 INFO scan done  signals=0
2026-05-19 15:18:58,974 INFO scan started  force=False
2026-05-19 15:19:01,053 INFO universe=12 symbols  regime=🔴 intraday bear — SPY below VWAP or EMA9<21  first-30m SPY: +0.07%
2026-05-19 15:19:03,172 INFO scan done  signals=0
2026-05-19 15:24:25,198 INFO scan started  force=False
2026-05-19 15:24:27,682 INFO universe=23 symbols  regime=🔴 intraday bear — SPY below VWAP or EMA9<21  first-30m SPY: +0.07%
2026-05-19 15:24:30,886 INFO scan done  signals=0
2026-05-19 15:29:58,501 INFO scan started  force=False
2026-05-19 15:30:00,921 INFO universe=31 symbols  regime=🔴 intraday bear — SPY below VWAP or EMA9<21  first-30m SPY: +0.07%
2026-05-19 15:30:00,927 INFO scan done  signals=0
2026-05-19 15:35:22,016 INFO scan started  force=False
2026-05-19 15:35:24,113 INFO universe=38 symbols  regime=🔴 intraday bear — SPY below VWAP or EMA9<21  first-30m SPY: +0.07%
2026-05-19 15:35:24,126 INFO scan done  signals=0
2026-05-19 15:40:39,497 INFO scan started  force=False
2026-05-19 15:40:42,086 INFO universe=39 symbols  regime=🔴 intraday bear — SPY below VWAP or EMA9<21  first-30m SPY: +0.07%
2026-05-19 15:40:42,095 INFO scan done  signals=0
2026-05-19 15:46:04,490 INFO EOD swing sweep triggered from api.py
2026-05-19 15:46:04,491 INFO scan started  force=False
2026-05-19 15:46:06,728 INFO universe=4 symbols  regime=🔴 intraday bear — SPY below VWAP or EMA9<21  first-30m SPY: +0.07%
2026-05-19 15:46:06,738 INFO scan done  signals=0
2026-05-19 15:51:27,666 INFO scan started  force=False
2026-05-19 15:51:29,920 INFO universe=9 symbols  regime=🔴 intraday bear — SPY below VWAP or EMA9<21  first-30m SPY: +0.07%
2026-05-19 15:51:29,923 INFO scan done  signals=0
2026-05-19 15:56:52,427 INFO scan started  force=False
2026-05-19 15:56:54,560 INFO universe=34 symbols  regime=🔴 intraday bear — SPY below VWAP or EMA9<21  first-30m SPY: +0.07%
2026-05-19 15:56:54,573 INFO scan done  signals=0
2026-05-20 10:07:26,344 INFO scan started  force=False
2026-05-20 10:07:28,568 INFO universe=1 symbols  regime=🔴 intraday bear — SPY below VWAP or EMA9<21  first-30m SPY: +0.06%
2026-05-20 10:07:29,141 INFO scan done  signals=0
2026-05-20 10:07:47,821 INFO scan started  force=True
2026-05-20 10:07:47,991 INFO universe=1 symbols  regime=🔴 intraday bear — SPY below VWAP or EMA9<21  first-30m SPY: +0.06%
2026-05-20 10:07:47,993 INFO scan done  signals=0
2026-05-20 10:12:29,163 INFO scan started  force=False
2026-05-20 10:12:31,792 INFO universe=0 symbols  regime=🔴 intraday bear — SPY below VWAP or EMA9<21  first-30m SPY: +0.06%
2026-05-20 10:12:31,794 INFO scan done  signals=0
2026-05-20 10:17:31,895 INFO scan started  force=False
2026-05-20 10:17:34,346 INFO universe=7 symbols  regime=🔴 intraday bear — SPY below VWAP or EMA9<21  first-30m SPY: +0.06%
2026-05-20 10:17:36,738 INFO scan done  signals=0
2026-05-20 10:22:36,839 INFO scan started  force=False
2026-05-20 10:22:39,331 INFO universe=8 symbols  regime=🔴 intraday bear — SPY below VWAP or EMA9<21  first-30m SPY: +0.06%
2026-05-20 10:22:42,163 INFO scan done  signals=0
2026-05-20 10:27:42,200 INFO scan started  force=False
2026-05-20 10:27:44,626 INFO universe=1 symbols  regime=🔴 intraday bear — SPY below VWAP or EMA9<21  first-30m SPY: +0.06%
2026-05-20 10:27:45,243 INFO scan done  signals=0
2026-05-20 10:32:45,344 INFO scan started  force=False
2026-05-20 10:32:47,548 INFO universe=2 symbols  regime=🔴 intraday bear — SPY below VWAP or EMA9<21  first-30m SPY: +0.06%
2026-05-20 10:32:48,193 INFO scan done  signals=0
2026-05-20 10:37:48,228 INFO scan started  force=False
2026-05-20 10:37:50,818 INFO universe=2 symbols  regime=🔴 intraday bear — SPY below VWAP or EMA9<21  first-30m SPY: +0.06%
2026-05-20 10:37:53,321 INFO scan done  signals=0
2026-05-20 10:42:53,344 INFO scan started  force=False
2026-05-20 10:42:55,720 INFO universe=1 symbols  regime=🔴 intraday bear — SPY below VWAP or EMA9<21  first-30m SPY: +0.06%
2026-05-20 10:42:58,130 INFO scan done  signals=0
2026-05-20 10:47:58,184 INFO scan started  force=False
2026-05-20 10:48:00,982 INFO universe=0 symbols  regime=🔴 intraday bear — SPY below VWAP or EMA9<21  first-30m SPY: +0.06%
2026-05-20 10:48:00,983 INFO scan done  signals=0
2026-05-20 10:53:01,083 INFO scan started  force=False
2026-05-20 10:53:03,680 INFO universe=2 symbols  regime=🔴 intraday bear — SPY below VWAP or EMA9<21  first-30m SPY: +0.06%
2026-05-20 10:53:06,518 INFO scan done  signals=0
2026-05-20 10:58:06,616 INFO scan started  force=False
2026-05-20 10:58:08,980 INFO universe=6 symbols  regime=🔴 intraday bear — SPY below VWAP or EMA9<21  first-30m SPY: +0.06%
2026-05-20 10:58:11,281 INFO scan done  signals=0
2026-05-20 11:03:11,382 INFO scan started  force=False
2026-05-20 11:03:14,032 INFO universe=6 symbols  regime=🔴 intraday bear — SPY below VWAP or EMA9<21  first-30m SPY: +0.06%
2026-05-20 11:03:15,129 INFO scan done  signals=0
2026-05-20 11:08:15,169 INFO scan started  force=False
2026-05-20 11:08:17,579 INFO universe=1 symbols  regime=🔴 intraday bear — SPY below VWAP or EMA9<21  first-30m SPY: +0.06%
2026-05-20 11:08:18,140 INFO scan done  signals=0
2026-05-20 11:13:18,171 INFO scan started  force=False
2026-05-20 11:13:20,477 INFO universe=2 symbols  regime=🔴 intraday bear — SPY below VWAP or EMA9<21  first-30m SPY: +0.06%
2026-05-20 11:13:23,289 INFO signal  SNOW PUT  score=97  grade=S
2026-05-20 11:13:23,289 INFO ntfy → SNOW  grade=S  topic=aarav-scanner-9274
2026-05-20 11:13:23,504 INFO scan done  signals=1
2026-05-20 11:18:23,596 INFO scan started  force=False
2026-05-20 11:18:26,093 INFO universe=37 symbols  regime=🟢 intraday bull — SPY above VWAP + EMA9>21  first-30m SPY: +0.06%
2026-05-20 11:18:30,603 INFO signal  CRWD CALL  score=100  grade=S
2026-05-20 11:18:30,603 INFO ntfy → CRWD  grade=S  topic=aarav-scanner-9274
2026-05-20 11:18:31,253 INFO signal  SMCI CALL  score=97  grade=S
2026-05-20 11:18:31,253 INFO ntfy → SMCI  grade=S  topic=aarav-scanner-9274
2026-05-20 11:18:32,465 INFO scan done  signals=2
2026-05-20 11:19:39,722 INFO scan started  force=False
2026-05-20 11:19:57,602 INFO universe=45 symbols  regime=🔴 intraday bear — SPY below VWAP or EMA9<21  first-30m SPY: +0.06%
2026-05-20 14:32:58,432 INFO trade closed  SMCI CALL  status=won  pnl=2.43%
2026-05-20 14:32:58,434 INFO scan started  force=False
2026-05-20 14:33:01,369 INFO universe=2 symbols  regime=🟢 intraday bull — SPY above VWAP + EMA9>21  first-30m SPY: +0.06%
2026-05-20 14:41:46,532 INFO scan started  force=False
2026-05-20 14:41:49,722 INFO universe=1 symbols  regime=🟢 intraday bull — SPY above VWAP + EMA9>21  first-30m SPY: +0.06%
2026-05-20 14:49:14,123 INFO scan started  force=False
2026-05-20 14:49:17,300 INFO universe=14 symbols  regime=🟢 intraday bull — SPY above VWAP + EMA9>21  first-30m SPY: +0.06%
2026-05-20 14:49:18,878 INFO scan done  signals=0
2026-05-20 14:54:19,306 INFO scan started  force=False
2026-05-20 14:54:21,800 INFO universe=14 symbols  regime=🟢 intraday bull — SPY above VWAP + EMA9>21  first-30m SPY: +0.06%
2026-05-20 14:54:23,215 INFO scan done  signals=0
2026-05-20 14:59:23,686 INFO scan started  force=False
2026-05-20 14:59:26,157 INFO universe=10 symbols  regime=🟢 intraday bull — SPY above VWAP + EMA9>21  first-30m SPY: +0.06%
2026-05-20 14:59:27,211 INFO scan done  signals=0
2026-05-20 15:04:27,618 INFO scan started  force=False
2026-05-20 15:04:30,238 INFO universe=24 symbols  regime=🟢 intraday bull — SPY above VWAP + EMA9>21  first-30m SPY: +0.06%
2026-05-20 15:04:32,412 INFO scan done  signals=0
2026-05-20 15:09:32,864 INFO scan started  force=False
2026-05-20 15:09:35,065 INFO universe=29 symbols  regime=🟢 intraday bull — SPY above VWAP + EMA9>21  first-30m SPY: +0.06%
2026-05-20 15:09:37,749 INFO scan done  signals=0
2026-05-20 15:14:38,261 INFO scan started  force=False
2026-05-20 15:14:40,248 INFO universe=22 symbols  regime=🟢 intraday bull — SPY above VWAP + EMA9>21  first-30m SPY: +0.06%
2026-05-20 15:14:42,607 INFO scan done  signals=0
2026-05-20 15:19:43,038 INFO scan started  force=False
2026-05-20 15:19:45,190 INFO universe=30 symbols  regime=🟢 intraday bull — SPY above VWAP + EMA9>21  first-30m SPY: +0.06%
2026-05-20 15:19:47,904 INFO scan done  signals=0
2026-05-20 15:24:48,685 INFO scan started  force=False
2026-05-20 15:24:50,919 INFO universe=31 symbols  regime=🟢 intraday bull — SPY above VWAP + EMA9>21  first-30m SPY: +0.06%
2026-05-20 15:24:53,740 INFO scan done  signals=0

  Multi-Algo Signals API
  Algos: largecap | spx | smallcap
  App (React build): http://localhost:5000/
  Dev mode (Vite):   cd web && npm run dev  → http://localhost:3000

 * Serving Flask app 'api'
 * Debug mode: off
WARNING: This is a development server. Do not use it in a production deployment. Use a production WSGI server instead.
 * Running on http://127.0.0.1:5000
Press CTRL+C to quit
2026-05-21 11:32:11,631 INFO scan started  force=False

  Multi-Algo Signals API
  Algos: largecap | spx | smallcap
  App (React build): http://localhost:5000/
  Dev mode (Vite):   cd web && npm run dev  → http://localhost:3000

 * Serving Flask app 'api'
 * Debug mode: off
WARNING: This is a development server. Do not use it in a production deployment. Use a production WSGI server instead.
 * Running on http://127.0.0.1:5000
Press CTRL+C to quit
2026-05-21 11:32:14,065 INFO universe=2 symbols  regime=🔴 intraday bear — SPY below VWAP or EMA9<21  first-30m SPY: +0.16%
2026-05-21 11:32:14,610 INFO scan done  signals=0
2026-05-21 11:37:14,715 INFO scan started  force=False
2026-05-21 11:37:17,229 INFO universe=1 symbols  regime=🔴 intraday bear — SPY below VWAP or EMA9<21  first-30m SPY: +0.16%
2026-05-21 11:37:17,746 INFO scan done  signals=0
2026-05-21 11:42:17,807 INFO scan started  force=False
2026-05-21 11:42:19,980 INFO universe=1 symbols  regime=🔴 intraday bear — SPY below VWAP or EMA9<21  first-30m SPY: +0.16%
2026-05-21 11:42:20,542 INFO scan done  signals=0
2026-05-21 11:47:20,613 INFO scan started  force=False
2026-05-21 11:47:23,147 INFO universe=0 symbols  regime=🔴 intraday bear — SPY below VWAP or EMA9<21  first-30m SPY: +0.16%
2026-05-21 11:47:23,148 INFO scan done  signals=0
2026-05-21 11:52:23,248 INFO scan started  force=False
2026-05-21 11:52:25,884 INFO universe=0 symbols  regime=🟢 intraday bull — SPY above VWAP + EMA9>21  first-30m SPY: +0.16%
2026-05-21 11:52:25,885 INFO scan done  signals=0
2026-05-21 11:57:25,890 INFO scan started  force=False
2026-05-21 11:57:28,704 INFO universe=2 symbols  regime=🟢 intraday bull — SPY above VWAP + EMA9>21  first-30m SPY: +0.16%
2026-05-21 11:57:29,659 INFO scan done  signals=0
2026-05-21 12:02:29,750 INFO scan started  force=False
2026-05-21 12:02:32,433 INFO universe=3 symbols  regime=🟢 intraday bull — SPY above VWAP + EMA9>21  first-30m SPY: +0.16%
2026-05-21 12:02:33,108 INFO scan done  signals=0
2026-05-21 12:07:33,178 INFO scan started  force=False
2026-05-21 12:07:35,813 INFO universe=5 symbols  regime=🟢 intraday bull — SPY above VWAP + EMA9>21  first-30m SPY: +0.16%
2026-05-21 12:07:38,370 INFO scan done  signals=0
2026-05-21 12:12:38,471 INFO scan started  force=False
2026-05-21 12:12:41,232 INFO universe=3 symbols  regime=🟢 intraday bull — SPY above VWAP + EMA9>21  first-30m SPY: +0.16%
2026-05-21 12:12:42,014 INFO scan done  signals=0
2026-05-21 12:21:46,169 INFO scan started  force=False
2026-05-21 12:21:48,760 INFO universe=0 symbols  regime=🟢 intraday bull — SPY above VWAP + EMA9>21  first-30m SPY: +0.16%
2026-05-21 12:21:48,760 INFO scan done  signals=0
2026-05-21 12:26:48,859 INFO scan started  force=False
2026-05-21 12:26:51,391 INFO universe=0 symbols  regime=🟢 intraday bull — SPY above VWAP + EMA9>21  first-30m SPY: +0.16%
2026-05-21 12:26:51,400 INFO scan done  signals=0
2026-05-21 12:29:01,558 INFO scan started  force=True
2026-05-21 12:29:04,034 INFO universe=3 symbols  regime=🟢 intraday bull — SPY above VWAP + EMA9>21  first-30m SPY: +0.16%
2026-05-21 12:29:04,643 INFO scan done  signals=0
2026-05-21 12:31:51,502 INFO scan started  force=False
2026-05-21 12:31:53,691 INFO universe=1 symbols  regime=🟢 intraday bull — SPY above VWAP + EMA9>21  first-30m SPY: +0.16%
2026-05-21 12:31:56,118 INFO scan done  signals=0
2026-05-21 12:36:56,175 INFO scan started  force=False
2026-05-21 12:36:58,311 INFO universe=0 symbols  regime=🟢 intraday bull — SPY above VWAP + EMA9>21  first-30m SPY: +0.16%
2026-05-21 12:36:58,313 INFO scan done  signals=0
2026-05-21 12:39:56,536 INFO scan started  force=True
2026-05-21 12:39:58,622 INFO universe=4 symbols  regime=🔴 intraday bear — SPY below VWAP or EMA9<21  first-30m SPY: +0.16%
2026-05-21 12:39:59,312 INFO scan done  signals=0
2026-05-21 12:41:58,345 INFO scan started  force=False
2026-05-21 12:42:00,943 INFO universe=0 symbols  regime=🔴 intraday bear — SPY below VWAP or EMA9<21  first-30m SPY: +0.16%
2026-05-21 12:42:00,953 INFO scan done  signals=0
2026-05-21 12:47:01,055 INFO scan started  force=False
2026-05-21 12:47:03,578 INFO universe=1 symbols  regime=🔴 intraday bear — SPY below VWAP or EMA9<21  first-30m SPY: +0.16%
2026-05-21 12:47:04,195 INFO scan done  signals=0
2026-05-21 12:52:04,296 INFO scan started  force=False
2026-05-21 12:52:07,109 INFO universe=1 symbols  regime=🔴 intraday bear — SPY below VWAP or EMA9<21  first-30m SPY: +0.16%
2026-05-21 12:52:07,765 INFO scan done  signals=0
2026-05-21 12:57:07,866 INFO scan started  force=False
2026-05-21 12:57:10,364 INFO universe=0 symbols  regime=🔴 intraday bear — SPY below VWAP or EMA9<21  first-30m SPY: +0.16%
2026-05-21 12:57:10,365 INFO scan done  signals=0
2026-05-21 13:02:10,466 INFO scan started  force=False
2026-05-21 13:02:13,124 INFO universe=0 symbols  regime=🔴 intraday bear — SPY below VWAP or EMA9<21  first-30m SPY: +0.16%
2026-05-21 13:02:13,133 INFO scan done  signals=0
2026-05-21 13:07:13,230 INFO scan started  force=False
2026-05-21 13:07:15,859 INFO universe=1 symbols  regime=🔴 intraday bear — SPY below VWAP or EMA9<21  first-30m SPY: +0.16%
2026-05-21 13:07:16,440 INFO scan done  signals=0
2026-05-21 13:12:16,442 INFO scan started  force=False
2026-05-21 13:12:19,185 INFO universe=19 symbols  regime=🟢 intraday bull — SPY above VWAP + EMA9>21  first-30m SPY: +0.16%
2026-05-21 13:12:21,016 INFO scan done  signals=0
2026-05-21 13:17:21,029 INFO scan started  force=False
2026-05-21 13:17:23,805 INFO universe=15 symbols  regime=🟢 intraday bull — SPY above VWAP + EMA9>21  first-30m SPY: +0.16%
2026-05-21 13:17:26,130 INFO scan done  signals=0
2026-05-21 13:22:26,150 INFO scan started  force=False
2026-05-21 13:22:28,923 INFO universe=13 symbols  regime=🟢 intraday bull — SPY above VWAP + EMA9>21  first-30m SPY: +0.16%
2026-05-21 13:22:31,233 INFO scan done  signals=0
2026-05-21 13:27:31,334 INFO scan started  force=False
2026-05-21 13:27:35,417 INFO universe=1 symbols  regime=🟢 intraday bull — SPY above VWAP + EMA9>21  first-30m SPY: +0.16%
2026-05-21 13:27:36,046 INFO scan done  signals=0
2026-05-21 13:32:36,147 INFO scan started  force=False
2026-05-21 13:32:38,687 INFO universe=1 symbols  regime=🟢 intraday bull — SPY above VWAP + EMA9>21  first-30m SPY: +0.16%
2026-05-21 13:32:39,301 INFO scan done  signals=0
2026-05-21 13:37:39,402 INFO scan started  force=False
2026-05-21 13:37:42,086 INFO universe=2 symbols  regime=🟢 intraday bull — SPY above VWAP + EMA9>21  first-30m SPY: +0.16%
2026-05-21 13:37:42,723 INFO scan done  signals=0
2026-05-21 13:42:42,825 INFO scan started  force=False
2026-05-21 13:42:45,459 INFO universe=5 symbols  regime=🟢 intraday bull — SPY above VWAP + EMA9>21  first-30m SPY: +0.16%
2026-05-21 13:42:46,208 INFO scan done  signals=0
2026-05-21 13:47:46,309 INFO scan started  force=False
2026-05-21 13:47:49,301 INFO universe=4 symbols  regime=🟢 intraday bull — SPY above VWAP + EMA9>21  first-30m SPY: +0.16%
2026-05-21 13:47:50,092 INFO scan done  signals=0
2026-05-21 13:52:50,193 INFO scan started  force=False
2026-05-21 13:52:52,702 INFO universe=3 symbols  regime=🟢 intraday bull — SPY above VWAP + EMA9>21  first-30m SPY: +0.16%
2026-05-21 13:52:53,375 INFO scan done  signals=0
2026-05-21 13:57:53,476 INFO scan started  force=False
2026-05-21 13:57:56,671 INFO universe=6 symbols  regime=🟢 intraday bull — SPY above VWAP + EMA9>21  first-30m SPY: +0.16%
2026-05-21 13:57:57,675 INFO scan done  signals=0
2026-05-21 14:02:57,702 INFO scan started  force=False
2026-05-21 14:03:00,249 INFO universe=5 symbols  regime=🟢 intraday bull — SPY above VWAP + EMA9>21  first-30m SPY: +0.16%
2026-05-21 14:03:01,100 INFO scan done  signals=0
2026-05-21 14:08:01,201 INFO scan started  force=False
2026-05-21 14:08:04,058 INFO universe=5 symbols  regime=🟢 intraday bull — SPY above VWAP + EMA9>21  first-30m SPY: +0.16%
2026-05-21 14:08:04,685 INFO scan done  signals=0
2026-05-21 14:13:04,781 INFO scan started  force=False
2026-05-21 14:13:07,493 INFO universe=5 symbols  regime=🟢 intraday bull — SPY above VWAP + EMA9>21  first-30m SPY: +0.16%
2026-05-21 14:13:08,101 INFO scan done  signals=0
2026-05-21 14:18:08,202 INFO scan started  force=False
2026-05-21 14:18:11,178 INFO universe=6 symbols  regime=🟢 intraday bull — SPY above VWAP + EMA9>21  first-30m SPY: +0.16%
2026-05-21 14:18:12,017 INFO scan done  signals=0
2026-05-21 14:23:12,030 INFO scan started  force=False
2026-05-21 14:23:14,548 INFO universe=3 symbols  regime=🟢 intraday bull — SPY above VWAP + EMA9>21  first-30m SPY: +0.16%
2026-05-21 14:23:15,154 INFO scan done  signals=0
2026-05-21 14:28:15,255 INFO scan started  force=False
2026-05-21 14:28:17,902 INFO universe=4 symbols  regime=🟢 intraday bull — SPY above VWAP + EMA9>21  first-30m SPY: +0.16%
2026-05-21 14:28:18,573 INFO scan done  signals=0
2026-05-21 14:33:18,674 INFO scan started  force=False
2026-05-21 14:33:21,212 INFO universe=5 symbols  regime=🟢 intraday bull — SPY above VWAP + EMA9>21  first-30m SPY: +0.16%
2026-05-21 14:33:21,925 INFO scan done  signals=0
2026-05-21 14:38:22,026 INFO scan started  force=False
2026-05-21 14:38:24,686 INFO universe=2 symbols  regime=🟢 intraday bull — SPY above VWAP + EMA9>21  first-30m SPY: +0.16%
2026-05-21 14:38:25,336 INFO scan done  signals=0
2026-05-21 14:43:25,438 INFO scan started  force=False
2026-05-21 14:43:28,221 INFO universe=4 symbols  regime=🟢 intraday bull — SPY above VWAP + EMA9>21  first-30m SPY: +0.16%
2026-05-21 14:43:28,940 INFO scan done  signals=0
2026-05-21 14:48:29,041 INFO scan started  force=False
2026-05-21 14:48:31,570 INFO universe=6 symbols  regime=🟢 intraday bull — SPY above VWAP + EMA9>21  first-30m SPY: +0.16%
2026-05-21 14:48:32,426 INFO scan done  signals=0
2026-05-21 14:53:32,527 INFO scan started  force=False
2026-05-21 14:53:35,437 INFO universe=17 symbols  regime=🟢 intraday bull — SPY above VWAP + EMA9>21  first-30m SPY: +0.16%
2026-05-21 14:53:37,637 INFO scan done  signals=0
2026-05-21 14:58:37,738 INFO scan started  force=False
2026-05-21 14:58:40,378 INFO universe=18 symbols  regime=🔴 intraday bear — SPY below VWAP or EMA9<21  first-30m SPY: +0.16%
2026-05-21 14:58:42,401 INFO scan done  signals=0
2026-05-21 15:03:42,446 INFO scan started  force=False
2026-05-21 15:03:45,025 INFO universe=10 symbols  regime=🔴 intraday bear — SPY below VWAP or EMA9<21  first-30m SPY: +0.16%
2026-05-21 15:03:46,234 INFO scan done  signals=0
2026-05-21 15:08:46,324 INFO scan started  force=False
2026-05-21 15:08:48,910 INFO universe=9 symbols  regime=🔴 intraday bear — SPY below VWAP or EMA9<21  first-30m SPY: +0.16%
2026-05-21 15:08:50,160 INFO scan done  signals=0
2026-05-21 15:13:50,249 INFO scan started  force=False
2026-05-21 15:13:52,817 INFO universe=6 symbols  regime=🟢 intraday bull — SPY above VWAP + EMA9>21  first-30m SPY: +0.16%
2026-05-21 15:13:53,646 INFO scan done  signals=0
2026-05-21 15:18:53,689 INFO scan started  force=False
2026-05-21 15:18:56,470 INFO universe=9 symbols  regime=🟢 intraday bull — SPY above VWAP + EMA9>21  first-30m SPY: +0.16%
2026-05-21 15:18:57,696 INFO scan done  signals=0
2026-05-21 15:23:57,798 INFO scan started  force=False
2026-05-21 15:24:00,377 INFO universe=9 symbols  regime=🟢 intraday bull — SPY above VWAP + EMA9>21  first-30m SPY: +0.16%
2026-05-21 15:24:01,655 INFO scan done  signals=0
2026-05-21 15:29:01,729 INFO scan started  force=False
2026-05-21 15:29:04,343 INFO universe=21 symbols  regime=🟢 intraday bull — SPY above VWAP + EMA9>21  first-30m SPY: +0.16%
2026-05-21 15:29:06,457 INFO scan done  signals=0
2026-05-21 15:34:06,500 INFO scan started  force=False
2026-05-21 15:34:08,912 INFO universe=30 symbols  regime=🟢 intraday bull — SPY above VWAP + EMA9>21  first-30m SPY: +0.16%
2026-05-21 15:34:08,919 INFO scan done  signals=0
2026-05-21 15:39:09,021 INFO scan started  force=False
2026-05-21 15:39:11,626 INFO universe=33 symbols  regime=🟢 intraday bull — SPY above VWAP + EMA9>21  first-30m SPY: +0.16%
2026-05-21 15:39:11,632 INFO scan done  signals=0
2026-05-21 15:44:11,733 INFO scan started  force=False
2026-05-21 15:44:14,416 INFO universe=35 symbols  regime=🟢 intraday bull — SPY above VWAP + EMA9>21  first-30m SPY: +0.16%
2026-05-21 15:44:14,420 INFO scan done  signals=0
2026-05-21 15:49:14,489 INFO EOD swing sweep triggered from api.py
2026-05-21 15:49:14,496 INFO scan started  force=False
2026-05-21 15:49:17,328 INFO universe=36 symbols  regime=🟢 intraday bull — SPY above VWAP + EMA9>21  first-30m SPY: +0.16%
2026-05-21 15:49:17,337 INFO scan done  signals=0
2026-05-21 15:54:17,437 INFO scan started  force=False
2026-05-21 15:54:21,018 INFO universe=45 symbols  regime=🟢 intraday bull — SPY above VWAP + EMA9>21  first-30m SPY: +0.16%
2026-05-21 15:54:21,026 INFO scan done  signals=0
2026-05-21 15:59:21,116 INFO scan started  force=False
2026-05-21 15:59:23,600 INFO universe=45 symbols  regime=🟢 intraday bull — SPY above VWAP + EMA9>21  first-30m SPY: +0.16%
2026-05-21 15:59:23,606 INFO scan done  signals=0
2026-05-22 12:39:59,295 INFO scan started  force=False

  Multi-Algo Signals API
  Algos: largecap | spx | smallcap
  App (React build): http://localhost:5000/
  Dev mode (Vite):   cd web && npm run dev  → http://localhost:3000

 * Serving Flask app 'api'
 * Debug mode: off
WARNING: This is a development server. Do not use it in a production deployment. Use a production WSGI server instead.
 * Running on http://127.0.0.1:5000
Press CTRL+C to quit
2026-05-22 12:40:01,154 INFO universe=5 symbols  regime=🟢 intraday bull — SPY above VWAP + EMA9>21  first-30m SPY: +0.17%
2026-05-22 12:40:02,694 INFO scan done  signals=0
2026-05-22 12:45:03,830 INFO scan started  force=False
2026-05-22 12:45:05,912 INFO universe=8 symbols  regime=🟢 intraday bull — SPY above VWAP + EMA9>21  first-30m SPY: +0.17%
2026-05-22 12:45:06,518 INFO scan done  signals=0
2026-05-22 12:50:10,197 INFO scan started  force=False
2026-05-22 12:50:12,256 INFO universe=7 symbols  regime=🟢 intraday bull — SPY above VWAP + EMA9>21  first-30m SPY: +0.17%
2026-05-22 12:50:14,588 INFO scan done  signals=0
2026-05-22 12:55:18,529 INFO scan started  force=False
2026-05-22 12:55:20,373 INFO universe=15 symbols  regime=🟢 intraday bull — SPY above VWAP + EMA9>21  first-30m SPY: +0.17%
2026-05-22 12:55:21,664 INFO scan done  signals=0
2026-05-22 13:00:25,024 INFO scan started  force=False
2026-05-22 13:00:27,203 INFO universe=17 symbols  regime=🟢 intraday bull — SPY above VWAP + EMA9>21  first-30m SPY: +0.17%
2026-05-22 13:00:31,587 INFO signal  QCOM CALL  score=99  grade=S
2026-05-22 13:00:31,587 INFO ntfy → QCOM  grade=S  topic=aarav-scanner-9274
2026-05-22 13:00:31,745 INFO scan done  signals=1
2026-05-22 13:05:33,205 INFO scan started  force=False
2026-05-22 13:05:34,793 INFO universe=19 symbols  regime=🟢 intraday bull — SPY above VWAP + EMA9>21  first-30m SPY: +0.17%
2026-05-22 13:05:36,614 INFO scan done  signals=0
2026-05-22 13:10:41,914 INFO scan started  force=False
2026-05-22 13:10:43,521 INFO universe=16 symbols  regime=🟢 intraday bull — SPY above VWAP + EMA9>21  first-30m SPY: +0.17%
2026-05-22 13:10:46,990 INFO signal  SMCI CALL  score=100  grade=S
2026-05-22 13:10:46,990 INFO ntfy → SMCI  grade=S  topic=aarav-scanner-9274
2026-05-22 13:10:47,116 INFO scan done  signals=1
2026-05-22 13:15:52,116 INFO scan started  force=False
2026-05-22 13:15:53,887 INFO universe=16 symbols  regime=🟢 intraday bull — SPY above VWAP + EMA9>21  first-30m SPY: +0.17%
2026-05-22 13:15:54,789 INFO scan done  signals=0
2026-05-22 13:20:59,647 INFO scan started  force=False
2026-05-22 13:21:01,434 INFO universe=20 symbols  regime=🟢 intraday bull — SPY above VWAP + EMA9>21  first-30m SPY: +0.17%
2026-05-22 13:21:02,615 INFO scan done  signals=0
2026-05-22 13:26:07,259 INFO scan started  force=False
2026-05-22 13:26:08,931 INFO universe=5 symbols  regime=🟢 intraday bull — SPY above VWAP + EMA9>21  first-30m SPY: +0.17%
2026-05-22 13:26:09,367 INFO scan done  signals=0
2026-05-22 13:31:14,251 INFO scan started  force=False
2026-05-22 13:31:15,859 INFO universe=7 symbols  regime=🟢 intraday bull — SPY above VWAP + EMA9>21  first-30m SPY: +0.17%
2026-05-22 13:31:16,940 INFO scan done  signals=0
2026-05-22 13:36:22,054 INFO scan started  force=False
2026-05-22 13:36:23,662 INFO universe=0 symbols  regime=🟢 intraday bull — SPY above VWAP + EMA9>21  first-30m SPY: +0.17%
2026-05-22 13:36:23,663 INFO scan done  signals=0
2026-05-22 13:41:28,244 INFO scan started  force=False
2026-05-22 13:41:29,933 INFO universe=4 symbols  regime=🟢 intraday bull — SPY above VWAP + EMA9>21  first-30m SPY: +0.17%
2026-05-22 13:41:30,416 INFO scan done  signals=0
2026-05-22 13:46:34,829 INFO scan started  force=False
2026-05-22 13:46:36,811 INFO universe=2 symbols  regime=🟢 intraday bull — SPY above VWAP + EMA9>21  first-30m SPY: +0.17%
2026-05-22 13:46:37,278 INFO scan done  signals=0
2026-05-22 13:51:42,162 INFO scan started  force=False
2026-05-22 13:51:44,619 INFO universe=0 symbols  regime=🟢 intraday bull — SPY above VWAP + EMA9>21  first-30m SPY: +0.17%
2026-05-22 13:51:44,626 INFO scan done  signals=0
2026-05-22 13:56:49,719 INFO scan started  force=False
2026-05-22 13:56:51,308 INFO universe=2 symbols  regime=🟢 intraday bull — SPY above VWAP + EMA9>21  first-30m SPY: +0.17%
2026-05-22 13:56:51,769 INFO scan done  signals=0
2026-05-22 14:01:57,751 INFO scan started  force=False
2026-05-22 14:01:59,341 INFO universe=1 symbols  regime=🟢 intraday bull — SPY above VWAP + EMA9>21  first-30m SPY: +0.17%
2026-05-22 14:01:59,709 INFO scan done  signals=0
2026-05-22 14:07:03,413 INFO scan started  force=False
2026-05-22 14:07:05,016 INFO universe=1 symbols  regime=🟢 intraday bull — SPY above VWAP + EMA9>21  first-30m SPY: +0.17%
2026-05-22 14:07:05,389 INFO scan done  signals=0
2026-05-22 14:12:09,351 INFO scan started  force=False
2026-05-22 14:12:11,011 INFO universe=0 symbols  regime=🔴 intraday bear — SPY below VWAP or EMA9<21  first-30m SPY: +0.17%
2026-05-22 14:12:11,011 INFO scan done  signals=0
2026-05-22 14:17:12,650 INFO scan started  force=False
2026-05-22 14:17:14,560 INFO universe=3 symbols  regime=🔴 intraday bear — SPY below VWAP or EMA9<21  first-30m SPY: +0.17%
2026-05-22 14:17:15,002 INFO scan done  signals=0
2026-05-22 14:22:17,705 INFO scan started  force=False
2026-05-22 14:22:20,351 INFO universe=4 symbols  regime=🔴 intraday bear — SPY below VWAP or EMA9<21  first-30m SPY: +0.17%
2026-05-22 14:22:20,791 INFO scan done  signals=0
2026-05-22 14:27:24,212 INFO scan started  force=False
2026-05-22 14:27:25,869 INFO universe=2 symbols  regime=🔴 intraday bear — SPY below VWAP or EMA9<21  first-30m SPY: +0.17%
2026-05-22 14:27:26,623 INFO scan done  signals=0
2026-05-22 14:32:31,471 INFO scan started  force=False
2026-05-22 14:32:33,216 INFO universe=1 symbols  regime=🔴 intraday bear — SPY below VWAP or EMA9<21  first-30m SPY: +0.17%
2026-05-22 14:32:33,675 INFO scan done  signals=0
2026-05-22 14:37:36,588 INFO scan started  force=False
2026-05-22 14:37:38,218 INFO universe=1 symbols  regime=🔴 intraday bear — SPY below VWAP or EMA9<21  first-30m SPY: +0.17%
2026-05-22 14:37:38,621 INFO scan done  signals=0
2026-05-22 14:42:40,554 INFO scan started  force=False
2026-05-22 14:42:42,391 INFO universe=0 symbols  regime=🔴 intraday bear — SPY below VWAP or EMA9<21  first-30m SPY: +0.17%
2026-05-22 14:42:42,392 INFO scan done  signals=0
2026-05-22 14:47:47,953 INFO scan started  force=False
2026-05-22 14:47:49,636 INFO universe=4 symbols  regime=🔴 intraday bear — SPY below VWAP or EMA9<21  first-30m SPY: +0.17%
2026-05-22 14:47:50,035 INFO scan done  signals=0
2026-05-22 14:52:55,589 INFO scan started  force=False
2026-05-22 14:52:57,772 INFO universe=0 symbols  regime=🔴 intraday bear — SPY below VWAP or EMA9<21  first-30m SPY: +0.17%
2026-05-22 14:52:57,772 INFO scan done  signals=0
2026-05-22 14:58:03,422 INFO scan started  force=False
2026-05-22 14:58:05,088 INFO universe=6 symbols  regime=🔴 intraday bear — SPY below VWAP or EMA9<21  first-30m SPY: +0.17%
2026-05-22 14:58:05,599 INFO scan done  signals=0
2026-05-22 15:03:11,533 INFO scan started  force=False
2026-05-22 15:03:13,190 INFO universe=22 symbols  regime=🔴 intraday bear — SPY below VWAP or EMA9<21  first-30m SPY: +0.17%
2026-05-22 15:03:15,416 INFO scan done  signals=0
2026-05-22 15:08:22,316 INFO scan started  force=False
2026-05-22 15:08:24,083 INFO universe=12 symbols  regime=🔴 intraday bear — SPY below VWAP or EMA9<21  first-30m SPY: +0.17%
2026-05-22 15:08:24,941 INFO scan done  signals=0
2026-05-22 15:13:31,422 INFO scan started  force=False
2026-05-22 15:13:33,004 INFO universe=7 symbols  regime=🔴 intraday bear — SPY below VWAP or EMA9<21  first-30m SPY: +0.17%
2026-05-22 15:13:33,492 INFO scan done  signals=0
2026-05-22 15:18:40,215 INFO scan started  force=False
2026-05-22 15:18:41,807 INFO universe=19 symbols  regime=🔴 intraday bear — SPY below VWAP or EMA9<21  first-30m SPY: +0.17%
2026-05-22 15:18:44,392 INFO scan done  signals=0
2026-05-22 15:23:51,023 INFO scan started  force=False
2026-05-22 15:23:52,634 INFO universe=15 symbols  regime=🔴 intraday bear — SPY below VWAP or EMA9<21  first-30m SPY: +0.17%
2026-05-22 15:23:53,489 INFO scan done  signals=0
2026-05-22 15:29:00,627 INFO scan started  force=False
2026-05-22 15:29:02,367 INFO universe=24 symbols  regime=🔴 intraday bear — SPY below VWAP or EMA9<21  first-30m SPY: +0.17%
2026-05-22 15:29:05,392 INFO scan done  signals=0
2026-05-25 10:19:44,910 INFO scan started  force=False

  Multi-Algo Signals API
  Algos: largecap | spx | smallcap
  App (React build): http://localhost:5000/
  Dev mode (Vite):   cd web && npm run dev  → http://localhost:3000

 * Serving Flask app 'api'
 * Debug mode: off
WARNING: This is a development server. Do not use it in a production deployment. Use a production WSGI server instead.
 * Running on http://127.0.0.1:5000
Press CTRL+C to quit
2026-05-25 10:19:46,455 INFO universe=45 symbols  regime=🔴 intraday bear — SPY below VWAP or EMA9<21  first-30m SPY: +0.17%
2026-05-25 10:19:50,989 INFO scan done  signals=0
2026-05-25 10:25:16,243 INFO scan started  force=False
2026-05-25 10:25:21,141 INFO universe=45 symbols  regime=🔴 intraday bear — SPY below VWAP or EMA9<21  first-30m SPY: +0.17%
2026-05-25 10:25:25,355 INFO scan done  signals=0
2026-05-25 10:26:34,666 INFO scan started  force=True
2026-05-25 10:26:36,997 INFO universe=45 symbols  regime=🔴 intraday bear — SPY below VWAP or EMA9<21  first-30m SPY: +0.17%
2026-05-25 10:26:41,156 INFO scan done  signals=0
2026-05-25 10:30:44,278 INFO scan started  force=False
2026-05-25 10:30:45,921 INFO universe=45 symbols  regime=🔴 intraday bear — SPY below VWAP or EMA9<21  first-30m SPY: +0.17%
2026-05-25 10:30:50,153 INFO scan done  signals=0
2026-05-25 10:36:05,891 INFO scan started  force=False
2026-05-25 10:36:07,500 INFO universe=45 symbols  regime=🔴 intraday bear — SPY below VWAP or EMA9<21  first-30m SPY: +0.17%
2026-05-25 10:36:11,738 INFO scan done  signals=0
2026-05-25 10:41:30,425 INFO scan started  force=False
2026-05-25 10:41:32,434 INFO universe=45 symbols  regime=🔴 intraday bear — SPY below VWAP or EMA9<21  first-30m SPY: +0.17%
2026-05-25 10:41:36,965 INFO scan done  signals=0
2026-05-25 10:46:53,744 INFO scan started  force=False
2026-05-25 10:46:55,645 INFO universe=45 symbols  regime=🔴 intraday bear — SPY below VWAP or EMA9<21  first-30m SPY: +0.17%
2026-05-25 10:47:00,039 INFO scan done  signals=0
2026-05-25 10:52:19,307 INFO scan started  force=False
2026-05-25 10:52:21,155 INFO universe=45 symbols  regime=🔴 intraday bear — SPY below VWAP or EMA9<21  first-30m SPY: +0.17%
2026-05-25 10:52:25,470 INFO scan done  signals=0
2026-05-25 10:57:40,649 INFO scan started  force=False
2026-05-25 10:57:42,615 INFO universe=45 symbols  regime=🔴 intraday bear — SPY below VWAP or EMA9<21  first-30m SPY: +0.17%
2026-05-25 10:57:46,774 INFO scan done  signals=0
2026-05-25 11:03:03,190 INFO scan started  force=False
2026-05-25 11:03:05,024 INFO universe=45 symbols  regime=🔴 intraday bear — SPY below VWAP or EMA9<21  first-30m SPY: +0.17%
2026-05-25 11:03:09,211 INFO scan done  signals=0
2026-05-25 11:08:29,120 INFO scan started  force=False
2026-05-25 11:08:30,816 INFO universe=45 symbols  regime=🔴 intraday bear — SPY below VWAP or EMA9<21  first-30m SPY: +0.17%
2026-05-25 11:08:34,687 INFO scan done  signals=0
2026-05-25 11:13:54,878 INFO scan started  force=False
2026-05-25 11:13:56,320 INFO universe=45 symbols  regime=🔴 intraday bear — SPY below VWAP or EMA9<21  first-30m SPY: +0.17%
2026-05-25 11:14:00,594 INFO scan done  signals=0
2026-05-25 11:19:23,435 INFO scan started  force=False
2026-05-25 11:19:25,020 INFO universe=45 symbols  regime=🔴 intraday bear — SPY below VWAP or EMA9<21  first-30m SPY: +0.17%
2026-05-25 11:19:29,153 INFO scan done  signals=0
2026-05-25 11:23:20,583 INFO scan started  force=True
2026-05-25 11:23:22,245 INFO universe=45 symbols  regime=🔴 intraday bear — SPY below VWAP or EMA9<21  first-30m SPY: +0.17%
2026-05-25 11:23:26,372 INFO scan done  signals=0
2026-05-25 11:24:45,763 INFO scan started  force=False
2026-05-25 11:24:48,237 INFO universe=45 symbols  regime=🔴 intraday bear — SPY below VWAP or EMA9<21  first-30m SPY: +0.17%
2026-05-25 11:24:52,416 INFO scan done  signals=0
2026-05-25 11:30:03,609 INFO scan started  force=False
2026-05-25 11:30:07,636 INFO universe=45 symbols  regime=🔴 intraday bear — SPY below VWAP or EMA9<21  first-30m SPY: +0.17%
2026-05-25 11:30:12,133 INFO scan done  signals=0
2026-05-25 11:35:32,481 INFO scan started  force=False
2026-05-25 11:35:33,827 INFO universe=45 symbols  regime=🔴 intraday bear — SPY below VWAP or EMA9<21  first-30m SPY: +0.17%
2026-05-25 11:35:37,751 INFO scan done  signals=0
2026-05-25 11:40:57,234 INFO scan started  force=False
2026-05-25 11:40:58,732 INFO universe=45 symbols  regime=🔴 intraday bear — SPY below VWAP or EMA9<21  first-30m SPY: +0.17%
2026-05-25 11:41:02,823 INFO scan done  signals=0
2026-05-25 11:46:23,635 INFO scan started  force=False
2026-05-25 11:46:25,779 INFO universe=45 symbols  regime=🔴 intraday bear — SPY below VWAP or EMA9<21  first-30m SPY: +0.17%
2026-05-25 11:46:29,891 INFO scan done  signals=0
2026-05-25 11:51:49,123 INFO scan started  force=False
2026-05-25 11:51:50,646 INFO universe=45 symbols  regime=🔴 intraday bear — SPY below VWAP or EMA9<21  first-30m SPY: +0.17%
2026-05-25 11:51:54,740 INFO scan done  signals=0
2026-05-25 11:57:13,694 INFO scan started  force=False
2026-05-25 11:57:15,526 INFO universe=45 symbols  regime=🔴 intraday bear — SPY below VWAP or EMA9<21  first-30m SPY: +0.17%
2026-05-25 11:57:19,891 INFO scan done  signals=0
2026-05-25 12:02:43,991 INFO scan started  force=False
2026-05-25 12:02:45,870 INFO universe=45 symbols  regime=🔴 intraday bear — SPY below VWAP or EMA9<21  first-30m SPY: +0.17%
2026-05-25 12:02:50,231 INFO scan done  signals=0
2026-05-25 12:08:14,955 INFO scan started  force=False
2026-05-25 12:08:16,653 INFO universe=45 symbols  regime=🔴 intraday bear — SPY below VWAP or EMA9<21  first-30m SPY: +0.17%
2026-05-25 12:08:20,872 INFO scan done  signals=0
2026-05-25 12:13:38,464 INFO scan started  force=False
2026-05-25 12:13:40,188 INFO universe=45 symbols  regime=🔴 intraday bear — SPY below VWAP or EMA9<21  first-30m SPY: +0.17%
2026-05-25 12:13:44,297 INFO scan done  signals=0
2026-05-25 12:19:03,044 INFO scan started  force=False
2026-05-25 12:19:04,839 INFO universe=45 symbols  regime=🔴 intraday bear — SPY below VWAP or EMA9<21  first-30m SPY: +0.17%
2026-05-25 12:19:09,113 INFO scan done  signals=0
2026-05-25 12:24:25,908 INFO scan started  force=False
2026-05-25 12:24:27,547 INFO universe=45 symbols  regime=🔴 intraday bear — SPY below VWAP or EMA9<21  first-30m SPY: +0.17%
2026-05-25 12:24:31,806 INFO scan done  signals=0
2026-05-25 12:29:48,573 INFO scan started  force=False
2026-05-25 12:29:50,246 INFO universe=45 symbols  regime=🔴 intraday bear — SPY below VWAP or EMA9<21  first-30m SPY: +0.17%
2026-05-25 12:29:54,309 INFO scan done  signals=0
2026-05-25 12:35:13,071 INFO scan started  force=False
2026-05-25 12:35:16,315 INFO universe=45 symbols  regime=🔴 intraday bear — SPY below VWAP or EMA9<21  first-30m SPY: +0.17%
2026-05-25 12:35:20,671 INFO scan done  signals=0
2026-05-25 12:40:39,869 INFO scan started  force=False
2026-05-25 12:40:41,482 INFO universe=45 symbols  regime=🔴 intraday bear — SPY below VWAP or EMA9<21  first-30m SPY: +0.17%
2026-05-25 12:40:45,493 INFO scan done  signals=0
2026-05-25 12:46:06,574 INFO scan started  force=False
2026-05-25 12:46:08,432 INFO universe=45 symbols  regime=🔴 intraday bear — SPY below VWAP or EMA9<21  first-30m SPY: +0.17%
2026-05-25 12:46:12,539 INFO scan done  signals=0
2026-05-25 12:51:35,379 INFO scan started  force=False
2026-05-25 12:51:37,181 INFO universe=45 symbols  regime=🔴 intraday bear — SPY below VWAP or EMA9<21  first-30m SPY: +0.17%
2026-05-25 12:51:41,406 INFO scan done  signals=0
2026-05-25 12:57:04,443 INFO scan started  force=False
2026-05-25 12:57:05,971 INFO universe=45 symbols  regime=🔴 intraday bear — SPY below VWAP or EMA9<21  first-30m SPY: +0.17%
2026-05-25 12:57:10,067 INFO scan done  signals=0
2026-05-25 13:02:31,216 INFO scan started  force=False
2026-05-25 13:02:32,726 INFO universe=45 symbols  regime=🔴 intraday bear — SPY below VWAP or EMA9<21  first-30m SPY: +0.17%
2026-05-25 13:02:36,874 INFO scan done  signals=0
2026-05-25 13:07:49,185 INFO scan started  force=False
2026-05-25 13:07:51,233 INFO universe=45 symbols  regime=🔴 intraday bear — SPY below VWAP or EMA9<21  first-30m SPY: +0.17%
2026-05-25 13:07:55,561 INFO scan done  signals=0
2026-05-25 13:13:13,829 INFO scan started  force=False
2026-05-25 13:13:15,534 INFO universe=45 symbols  regime=🔴 intraday bear — SPY below VWAP or EMA9<21  first-30m SPY: +0.17%
2026-05-25 13:13:20,238 INFO scan done  signals=0
2026-05-25 13:18:45,343 INFO scan started  force=False
2026-05-25 13:18:46,808 INFO universe=45 symbols  regime=🔴 intraday bear — SPY below VWAP or EMA9<21  first-30m SPY: +0.17%
2026-05-25 13:18:50,907 INFO scan done  signals=0
2026-05-25 13:24:10,399 INFO scan started  force=False
2026-05-25 13:24:12,330 INFO universe=45 symbols  regime=🔴 intraday bear — SPY below VWAP or EMA9<21  first-30m SPY: +0.17%
2026-05-25 13:24:16,996 INFO scan done  signals=0
2026-05-25 13:29:37,026 INFO scan started  force=False
2026-05-25 13:29:39,192 INFO universe=45 symbols  regime=🔴 intraday bear — SPY below VWAP or EMA9<21  first-30m SPY: +0.17%
2026-05-25 13:29:43,325 INFO scan done  signals=0
2026-05-25 13:35:03,345 INFO scan started  force=False
2026-05-25 13:35:04,913 INFO universe=45 symbols  regime=🔴 intraday bear — SPY below VWAP or EMA9<21  first-30m SPY: +0.17%
2026-05-25 13:35:09,223 INFO scan done  signals=0
2026-05-25 13:40:31,268 INFO scan started  force=False
2026-05-25 13:40:33,064 INFO universe=45 symbols  regime=🔴 intraday bear — SPY below VWAP or EMA9<21  first-30m SPY: +0.17%
2026-05-25 13:40:37,636 INFO scan done  signals=0
2026-05-25 13:45:55,553 INFO scan started  force=False
2026-05-25 13:45:57,430 INFO universe=45 symbols  regime=🔴 intraday bear — SPY below VWAP or EMA9<21  first-30m SPY: +0.17%
2026-05-25 13:46:01,711 INFO scan done  signals=0
2026-05-25 13:51:18,155 INFO scan started  force=False
2026-05-25 13:51:19,821 INFO universe=45 symbols  regime=🔴 intraday bear — SPY below VWAP or EMA9<21  first-30m SPY: +0.17%
2026-05-25 13:51:23,791 INFO scan done  signals=0
2026-05-25 13:56:43,261 INFO scan started  force=False
2026-05-25 13:56:45,008 INFO universe=45 symbols  regime=🔴 intraday bear — SPY below VWAP or EMA9<21  first-30m SPY: +0.17%
2026-05-25 13:56:51,805 INFO scan done  signals=0
2026-05-25 14:02:11,727 INFO scan started  force=False
2026-05-25 14:02:13,537 INFO universe=45 symbols  regime=🔴 intraday bear — SPY below VWAP or EMA9<21  first-30m SPY: +0.17%
2026-05-25 14:02:18,120 INFO scan done  signals=0
2026-05-25 14:03:21,534 INFO scan started  force=True
2026-05-25 14:03:24,584 INFO universe=45 symbols  regime=🔴 intraday bear — SPY below VWAP or EMA9<21  first-30m SPY: +0.17%
2026-05-25 14:03:29,188 INFO scan done  signals=0
2026-05-25 14:07:36,347 INFO scan started  force=False
2026-05-25 14:07:38,535 INFO universe=45 symbols  regime=🔴 intraday bear — SPY below VWAP or EMA9<21  first-30m SPY: +0.17%
2026-05-25 14:07:45,122 INFO scan done  signals=0
2026-05-25 14:13:04,551 INFO scan started  force=False
2026-05-25 14:13:06,248 INFO universe=45 symbols  regime=🔴 intraday bear — SPY below VWAP or EMA9<21  first-30m SPY: +0.17%
2026-05-25 14:13:11,695 INFO scan done  signals=0
2026-05-25 14:18:33,651 INFO scan started  force=False
2026-05-25 14:18:35,558 INFO universe=45 symbols  regime=🔴 intraday bear — SPY below VWAP or EMA9<21  first-30m SPY: +0.17%
2026-05-25 14:18:42,341 INFO scan done  signals=0
2026-05-25 14:24:03,569 INFO scan started  force=False
2026-05-25 14:24:05,116 INFO universe=45 symbols  regime=🔴 intraday bear — SPY below VWAP or EMA9<21  first-30m SPY: +0.17%
2026-05-25 14:24:09,622 INFO scan done  signals=0
2026-05-25 14:29:29,181 INFO scan started  force=False
2026-05-25 14:29:30,769 INFO universe=45 symbols  regime=🔴 intraday bear — SPY below VWAP or EMA9<21  first-30m SPY: +0.17%
2026-05-25 14:29:38,021 INFO scan done  signals=0
2026-05-25 14:34:56,376 INFO scan started  force=False
2026-05-25 14:34:58,082 INFO universe=45 symbols  regime=🔴 intraday bear — SPY below VWAP or EMA9<21  first-30m SPY: +0.17%
2026-05-25 14:35:02,266 INFO scan done  signals=0
2026-05-25 14:40:24,476 INFO scan started  force=False
2026-05-25 14:40:26,236 INFO universe=45 symbols  regime=🔴 intraday bear — SPY below VWAP or EMA9<21  first-30m SPY: +0.17%
2026-05-25 14:40:33,031 INFO scan done  signals=0
2026-05-25 14:45:57,481 INFO scan started  force=False
2026-05-25 14:45:58,985 INFO universe=45 symbols  regime=🔴 intraday bear — SPY below VWAP or EMA9<21  first-30m SPY: +0.17%
2026-05-25 14:46:03,246 INFO scan done  signals=0
2026-05-25 14:51:28,468 INFO scan started  force=False
2026-05-25 14:51:30,167 INFO universe=45 symbols  regime=🔴 intraday bear — SPY below VWAP or EMA9<21  first-30m SPY: +0.17%
2026-05-25 14:51:37,176 INFO scan done  signals=0
2026-05-25 14:57:01,140 INFO scan started  force=False
2026-05-25 14:57:02,636 INFO universe=45 symbols  regime=🔴 intraday bear — SPY below VWAP or EMA9<21  first-30m SPY: +0.17%
2026-05-25 14:57:06,793 INFO scan done  signals=0
2026-05-25 15:02:32,589 INFO scan started  force=False
2026-05-25 15:02:34,228 INFO universe=45 symbols  regime=🔴 intraday bear — SPY below VWAP or EMA9<21  first-30m SPY: +0.17%
2026-05-25 15:02:38,537 INFO scan done  signals=0
2026-05-25 15:08:02,639 INFO scan started  force=False
2026-05-25 15:08:04,279 INFO universe=45 symbols  regime=🔴 intraday bear — SPY below VWAP or EMA9<21  first-30m SPY: +0.17%
2026-05-25 15:08:12,277 INFO scan done  signals=0
2026-05-25 15:13:38,159 INFO scan started  force=False
2026-05-25 15:13:40,476 INFO universe=45 symbols  regime=🔴 intraday bear — SPY below VWAP or EMA9<21  first-30m SPY: +0.17%
2026-05-25 15:13:45,769 INFO scan done  signals=0
2026-05-25 15:19:12,660 INFO scan started  force=False
2026-05-25 15:19:17,456 INFO universe=45 symbols  regime=🔴 intraday bear — SPY below VWAP or EMA9<21  first-30m SPY: +0.17%
2026-05-25 15:19:21,478 INFO scan done  signals=0
2026-05-25 15:24:46,009 INFO scan started  force=False
2026-05-25 15:24:47,630 INFO universe=45 symbols  regime=🔴 intraday bear — SPY below VWAP or EMA9<21  first-30m SPY: +0.17%
2026-05-25 15:24:52,910 INFO scan done  signals=0
2026-05-25 15:30:18,813 INFO scan started  force=False
2026-05-25 15:30:20,331 INFO universe=45 symbols  regime=🔴 intraday bear — SPY below VWAP or EMA9<21  first-30m SPY: +0.17%
2026-05-25 15:30:20,344 INFO scan done  signals=0
2026-05-25 15:35:49,011 INFO scan started  force=False
2026-05-25 15:35:50,598 INFO universe=45 symbols  regime=🔴 intraday bear — SPY below VWAP or EMA9<21  first-30m SPY: +0.17%
2026-05-25 15:35:50,605 INFO scan done  signals=0
2026-05-25 15:41:08,652 INFO scan started  force=False
2026-05-25 15:41:10,272 INFO universe=45 symbols  regime=🔴 intraday bear — SPY below VWAP or EMA9<21  first-30m SPY: +0.17%
2026-05-25 15:41:10,289 INFO scan done  signals=0
2026-05-25 15:46:30,964 INFO EOD swing sweep triggered from api.py
2026-05-25 15:46:30,972 INFO scan started  force=False
2026-05-25 15:46:32,839 INFO universe=45 symbols  regime=🔴 intraday bear — SPY below VWAP or EMA9<21  first-30m SPY: +0.17%
2026-05-25 15:46:32,852 INFO scan done  signals=0
2026-05-25 15:51:52,571 INFO scan started  force=False
2026-05-25 15:51:54,299 INFO universe=45 symbols  regime=🔴 intraday bear — SPY below VWAP or EMA9<21  first-30m SPY: +0.17%
2026-05-25 15:51:54,313 INFO scan done  signals=0
2026-05-25 15:57:12,853 INFO scan started  force=False
2026-05-25 15:57:14,521 INFO universe=45 symbols  regime=🔴 intraday bear — SPY below VWAP or EMA9<21  first-30m SPY: +0.17%
2026-05-25 15:57:14,530 INFO scan done  signals=0

  Multi-Algo Signals API
  Algos: largecap | spx | smallcap
  App (React build): http://localhost:5000/
  Dev mode (Vite):   cd web && npm run dev  → http://localhost:3000

 * Serving Flask app 'api'
 * Debug mode: off
WARNING: This is a development server. Do not use it in a production deployment. Use a production WSGI server instead.
 * Running on http://127.0.0.1:5000
Press CTRL+C to quit
2026-05-26 09:32:21,200 INFO scan started  force=False
2026-05-26 09:32:23,067 INFO universe=0 symbols  regime=🔴 intraday bear — SPY below VWAP or EMA9<21
2026-05-26 09:32:23,075 INFO scan done  signals=0
2026-05-26 09:37:41,677 INFO scan started  force=False
2026-05-26 09:37:43,140 INFO universe=0 symbols  regime=🟢 intraday bull — SPY above VWAP + EMA9>21
2026-05-26 09:37:43,147 INFO scan done  signals=0
2026-05-26 09:43:03,229 INFO scan started  force=False
2026-05-26 09:43:05,144 INFO universe=0 symbols  regime=🟢 intraday bull — SPY above VWAP + EMA9>21
2026-05-26 09:43:05,151 INFO scan done  signals=0
2026-05-26 09:48:27,684 INFO scan started  force=False
2026-05-26 09:48:29,779 INFO universe=0 symbols  regime=🟢 intraday bull — SPY above VWAP + EMA9>21
2026-05-26 09:48:29,779 INFO scan done  signals=0
2026-05-26 09:53:52,415 INFO scan started  force=False
2026-05-26 09:53:54,105 INFO universe=2 symbols  regime=🟢 intraday bull — SPY above VWAP + EMA9>21
2026-05-26 09:53:54,709 INFO scan done  signals=0
2026-05-26 09:59:16,103 INFO scan started  force=False
2026-05-26 09:59:17,828 INFO universe=6 symbols  regime=🟢 intraday bull — SPY above VWAP + EMA9>21  first-30m SPY: +0.09%
2026-05-26 09:59:20,628 INFO scan done  signals=0
2026-05-26 10:04:45,719 INFO scan started  force=False
2026-05-26 10:04:47,252 INFO universe=13 symbols  regime=🟢 intraday bull — SPY above VWAP + EMA9>21  first-30m SPY: +0.10%
2026-05-26 10:04:51,513 INFO signal  NET CALL  score=100  grade=S
2026-05-26 10:04:51,513 INFO ntfy → NET  grade=S  topic=aarav-scanner-9274
2026-05-26 10:04:51,953 INFO signal  SNOW CALL  score=92  grade=S
2026-05-26 10:04:51,953 INFO ntfy → SNOW  grade=S  topic=aarav-scanner-9274
2026-05-26 10:04:52,149 INFO scan done  signals=2
2026-05-26 10:10:13,248 INFO scan started  force=False
2026-05-26 10:10:15,212 INFO universe=14 symbols  regime=🟢 intraday bull — SPY above VWAP + EMA9>21  first-30m SPY: +0.10%
2026-05-26 10:10:17,618 INFO signal  KLAC CALL  score=100  grade=S
2026-05-26 10:10:17,618 INFO ntfy → KLAC  grade=S  topic=aarav-scanner-9274
2026-05-26 10:10:18,368 INFO signal  SMCI CALL  score=100  grade=S
2026-05-26 10:10:18,368 INFO ntfy → SMCI  grade=S  topic=aarav-scanner-9274
2026-05-26 10:10:18,716 INFO signal  ZS CALL  score=100  grade=S
2026-05-26 10:10:18,716 INFO ntfy → ZS  grade=S  topic=aarav-scanner-9274
2026-05-26 10:10:18,967 INFO scan done  signals=3
2026-05-26 10:15:37,553 INFO scan started  force=False
2026-05-26 10:15:39,206 INFO universe=20 symbols  regime=🟢 intraday bull — SPY above VWAP + EMA9>21  first-30m SPY: +0.10%
2026-05-26 10:15:45,870 INFO scan done  signals=0
2026-05-26 10:21:09,526 INFO scan started  force=False
2026-05-26 10:21:11,393 INFO universe=0 symbols  regime=🟢 intraday bull — SPY above VWAP + EMA9>21  first-30m SPY: +0.10%
2026-05-26 10:21:11,393 INFO scan done  signals=0
2026-05-26 10:26:34,973 INFO scan started  force=False
2026-05-26 10:26:36,707 INFO universe=0 symbols  regime=🟢 intraday bull — SPY above VWAP + EMA9>21  first-30m SPY: +0.10%
2026-05-26 10:26:36,708 INFO scan done  signals=0
2026-05-26 10:32:07,186 INFO scan started  force=False
2026-05-26 10:32:08,682 INFO universe=2 symbols  regime=🟢 intraday bull — SPY above VWAP + EMA9>21  first-30m SPY: +0.10%
2026-05-26 10:32:09,105 INFO scan done  signals=0
2026-05-26 10:37:35,799 INFO scan started  force=False
2026-05-26 10:37:37,778 INFO universe=2 symbols  regime=🟢 intraday bull — SPY above VWAP + EMA9>21  first-30m SPY: +0.10%
2026-05-26 10:37:38,090 INFO scan done  signals=0
2026-05-26 10:43:06,086 INFO scan started  force=False
2026-05-26 10:43:07,673 INFO universe=4 symbols  regime=🟢 intraday bull — SPY above VWAP + EMA9>21  first-30m SPY: +0.10%
2026-05-26 10:43:09,849 INFO scan done  signals=0
2026-05-26 10:48:43,288 INFO scan started  force=False
2026-05-26 10:48:44,806 INFO universe=4 symbols  regime=🟢 intraday bull — SPY above VWAP + EMA9>21  first-30m SPY: +0.10%
2026-05-26 10:48:47,257 INFO signal  QCOM CALL  score=100  grade=S
2026-05-26 10:48:47,258 INFO ntfy → QCOM  grade=S  topic=aarav-scanner-9274
2026-05-26 10:48:47,387 INFO scan done  signals=1
2026-05-26 10:54:16,034 INFO scan started  force=False
2026-05-26 10:54:17,661 INFO universe=6 symbols  regime=🟢 intraday bull — SPY above VWAP + EMA9>21  first-30m SPY: +0.10%
2026-05-26 10:54:20,409 INFO signal  SMCI CALL  score=100  grade=S
2026-05-26 10:54:20,410 INFO ntfy → SMCI  grade=S  topic=aarav-scanner-9274
2026-05-26 10:54:20,943 INFO signal  DDOG CALL  score=98  grade=S
2026-05-26 10:54:20,943 INFO ntfy → DDOG  grade=S  topic=aarav-scanner-9274
2026-05-26 10:54:21,153 INFO scan done  signals=2
2026-05-26 10:59:52,969 INFO scan started  force=False
2026-05-26 10:59:54,482 INFO universe=9 symbols  regime=🟢 intraday bull — SPY above VWAP + EMA9>21  first-30m SPY: +0.10%
2026-05-26 10:59:56,836 INFO scan done  signals=0
2026-05-26 11:05:27,469 INFO scan started  force=False
2026-05-26 11:05:29,100 INFO universe=13 symbols  regime=🟢 intraday bull — SPY above VWAP + EMA9>21  first-30m SPY: +0.10%
2026-05-26 11:05:31,859 INFO signal  SNOW CALL  score=96  grade=S
2026-05-26 11:05:31,859 INFO ntfy → SNOW  grade=S  topic=aarav-scanner-9274
2026-05-26 11:05:32,701 INFO scan done  signals=1
2026-05-26 11:11:08,092 INFO scan started  force=False
2026-05-26 11:11:09,880 INFO universe=1 symbols  regime=🟢 intraday bull — SPY above VWAP + EMA9>21  first-30m SPY: +0.10%
2026-05-26 11:11:10,223 INFO scan done  signals=0
2026-05-26 11:16:39,980 INFO scan started  force=False
2026-05-26 11:16:41,852 INFO universe=1 symbols  regime=🟢 intraday bull — SPY above VWAP + EMA9>21  first-30m SPY: +0.10%
2026-05-26 11:16:42,259 INFO scan done  signals=0
2026-05-26 11:22:14,328 INFO scan started  force=False
2026-05-26 11:22:15,883 INFO universe=0 symbols  regime=🟢 intraday bull — SPY above VWAP + EMA9>21  first-30m SPY: +0.10%
2026-05-26 11:22:15,884 INFO scan done  signals=0
2026-05-26 11:27:46,179 INFO scan started  force=False
2026-05-26 11:27:47,687 INFO universe=1 symbols  regime=🟢 intraday bull — SPY above VWAP + EMA9>21  first-30m SPY: +0.10%
2026-05-26 11:27:48,103 INFO scan done  signals=0
2026-05-26 11:33:19,939 INFO scan started  force=False
2026-05-26 11:33:21,716 INFO universe=4 symbols  regime=🟢 intraday bull — SPY above VWAP + EMA9>21  first-30m SPY: +0.10%
2026-05-26 11:33:22,298 INFO scan done  signals=0
2026-05-26 11:38:56,475 INFO scan started  force=False
2026-05-26 11:38:58,317 INFO universe=3 symbols  regime=🔴 intraday bear — SPY below VWAP or EMA9<21  first-30m SPY: +0.10%
2026-05-26 11:38:58,745 INFO scan done  signals=0
2026-05-26 11:44:28,553 INFO scan started  force=False
2026-05-26 11:44:30,074 INFO universe=6 symbols  regime=🔴 intraday bear — SPY below VWAP or EMA9<21  first-30m SPY: +0.10%
2026-05-26 11:44:32,156 INFO scan done  signals=0
2026-05-26 11:50:02,313 INFO scan started  force=False
2026-05-26 11:50:04,014 INFO universe=9 symbols  regime=🔴 intraday bear — SPY below VWAP or EMA9<21  first-30m SPY: +0.10%
2026-05-26 11:50:06,287 INFO signal  WDAY PUT  score=100  grade=S
2026-05-26 11:50:06,287 INFO ntfy → WDAY  grade=S  topic=aarav-scanner-9274
2026-05-26 11:50:06,464 INFO scan done  signals=1
2026-05-26 11:55:33,143 INFO trade closed  QCOM CALL  status=lost  pnl=-2.74%
2026-05-26 11:55:33,144 INFO scan started  force=False
2026-05-26 11:55:34,892 INFO universe=11 symbols  regime=🔴 intraday bear — SPY below VWAP or EMA9<21  first-30m SPY: +0.10%
2026-05-26 11:55:36,963 INFO scan done  signals=0
2026-05-26 12:00:55,763 INFO scan started  force=False
2026-05-26 12:00:57,547 INFO universe=16 symbols  regime=🔴 intraday bear — SPY below VWAP or EMA9<21  first-30m SPY: +0.10%
2026-05-26 12:00:59,357 INFO scan done  signals=0
2026-05-26 12:06:22,414 INFO scan started  force=False
2026-05-26 12:06:23,815 INFO universe=0 symbols  regime=🔴 intraday bear — SPY below VWAP or EMA9<21  first-30m SPY: +0.10%
2026-05-26 12:06:23,816 INFO scan done  signals=0
2026-05-26 12:11:50,364 INFO scan started  force=False
2026-05-26 12:11:51,896 INFO universe=0 symbols  regime=🔴 intraday bear — SPY below VWAP or EMA9<21  first-30m SPY: +0.10%
2026-05-26 12:11:51,896 INFO scan done  signals=0
2026-05-26 12:17:15,831 INFO scan started  force=False
2026-05-26 12:17:17,560 INFO universe=0 symbols  regime=🔴 intraday bear — SPY below VWAP or EMA9<21  first-30m SPY: +0.10%
2026-05-26 12:17:17,561 INFO scan done  signals=0
2026-05-26 12:22:45,188 INFO scan started  force=False
2026-05-26 12:22:46,703 INFO universe=1 symbols  regime=🔴 intraday bear — SPY below VWAP or EMA9<21  first-30m SPY: +0.10%
2026-05-26 12:22:47,154 INFO scan done  signals=0
2026-05-26 12:28:11,511 INFO scan started  force=False
2026-05-26 12:28:13,205 INFO universe=4 symbols  regime=🔴 intraday bear — SPY below VWAP or EMA9<21  first-30m SPY: +0.10%
2026-05-26 12:28:13,645 INFO scan done  signals=0
2026-05-26 12:33:38,507 INFO trade closed  SMCI CALL  status=won  pnl=2.34%
2026-05-26 12:33:38,508 INFO scan started  force=False
2026-05-26 12:33:40,476 INFO universe=4 symbols  regime=🔴 intraday bear — SPY below VWAP or EMA9<21  first-30m SPY: +0.10%
2026-05-26 12:33:42,530 INFO scan done  signals=0
2026-05-26 12:39:09,148 INFO scan started  force=False
2026-05-26 12:39:10,769 INFO universe=3 symbols  regime=🔴 intraday bear — SPY below VWAP or EMA9<21  first-30m SPY: +0.10%
2026-05-26 12:39:13,079 INFO scan done  signals=0
2026-05-26 12:44:36,486 INFO scan started  force=False
2026-05-26 12:44:38,184 INFO universe=6 symbols  regime=🔴 intraday bear — SPY below VWAP or EMA9<21  first-30m SPY: +0.10%
2026-05-26 12:44:40,279 INFO scan done  signals=0
2026-05-26 12:50:08,602 INFO scan started  force=False
2026-05-26 12:50:10,181 INFO universe=13 symbols  regime=🔴 intraday bear — SPY below VWAP or EMA9<21  first-30m SPY: +0.10%
2026-05-26 12:50:12,184 INFO scan done  signals=0
2026-05-26 12:55:37,235 INFO scan started  force=False
2026-05-26 12:55:38,799 INFO universe=11 symbols  regime=🔴 intraday bear — SPY below VWAP or EMA9<21  first-30m SPY: +0.10%
2026-05-26 12:55:41,076 INFO scan done  signals=0
2026-05-26 13:01:05,493 INFO scan started  force=False
2026-05-26 13:01:06,959 INFO universe=1 symbols  regime=🔴 intraday bear — SPY below VWAP or EMA9<21  first-30m SPY: +0.10%
2026-05-26 13:01:07,329 INFO scan done  signals=0
2026-05-26 13:06:31,166 INFO scan started  force=False
2026-05-26 13:06:35,198 INFO universe=0 symbols  regime=🔴 intraday bear — SPY below VWAP or EMA9<21  first-30m SPY: +0.10%
2026-05-26 13:06:35,199 INFO scan done  signals=0
2026-05-26 13:11:56,725 INFO scan started  force=False
2026-05-26 13:11:58,255 INFO universe=0 symbols  regime=🔴 intraday bear — SPY below VWAP or EMA9<21  first-30m SPY: +0.10%
2026-05-26 13:11:58,256 INFO scan done  signals=0
2026-05-26 13:17:24,271 INFO scan started  force=False
2026-05-26 13:17:25,905 INFO universe=1 symbols  regime=🔴 intraday bear — SPY below VWAP or EMA9<21  first-30m SPY: +0.10%
2026-05-26 13:17:26,343 INFO scan done  signals=0
2026-05-26 13:22:55,475 INFO trade closed  ZS CALL  status=won  pnl=1.96%
2026-05-26 13:22:55,476 INFO scan started  force=False
2026-05-26 13:22:57,270 INFO universe=1 symbols  regime=🔴 intraday bear — SPY below VWAP or EMA9<21  first-30m SPY: +0.10%
2026-05-26 13:22:57,654 INFO scan done  signals=0
2026-05-26 13:28:24,865 INFO scan started  force=False
2026-05-26 13:28:26,480 INFO universe=4 symbols  regime=🔴 intraday bear — SPY below VWAP or EMA9<21  first-30m SPY: +0.10%
2026-05-26 13:28:26,943 INFO scan done  signals=0
2026-05-26 13:33:51,305 INFO scan started  force=False
2026-05-26 13:33:52,854 INFO universe=2 symbols  regime=🔴 intraday bear — SPY below VWAP or EMA9<21  first-30m SPY: +0.10%
2026-05-26 13:33:53,349 INFO scan done  signals=0
2026-05-26 13:39:13,684 INFO scan started  force=False
2026-05-26 13:39:15,212 INFO universe=4 symbols  regime=🔴 intraday bear — SPY below VWAP or EMA9<21  first-30m SPY: +0.10%
2026-05-26 13:39:15,708 INFO scan done  signals=0
2026-05-26 13:44:36,776 INFO scan started  force=False
2026-05-26 13:44:38,475 INFO universe=4 symbols  regime=🔴 intraday bear — SPY below VWAP or EMA9<21  first-30m SPY: +0.10%
2026-05-26 13:44:38,905 INFO scan done  signals=0
2026-05-26 13:50:06,009 INFO scan started  force=False
2026-05-26 13:50:07,590 INFO universe=10 symbols  regime=🔴 intraday bear — SPY below VWAP or EMA9<21  first-30m SPY: +0.10%
2026-05-26 13:50:09,797 INFO scan done  signals=0
2026-05-26 13:55:29,099 INFO scan started  force=False
2026-05-26 13:55:30,890 INFO universe=11 symbols  regime=🔴 intraday bear — SPY below VWAP or EMA9<21  first-30m SPY: +0.10%
2026-05-26 13:55:31,939 INFO scan done  signals=0
2026-05-26 14:00:55,965 INFO scan started  force=False
2026-05-26 14:00:57,909 INFO universe=12 symbols  regime=🔴 intraday bear — SPY below VWAP or EMA9<21  first-30m SPY: +0.10%
2026-05-26 14:01:00,338 INFO scan done  signals=0
2026-05-26 14:06:25,267 INFO scan started  force=False
2026-05-26 14:06:26,804 INFO universe=0 symbols  regime=🔴 intraday bear — SPY below VWAP or EMA9<21  first-30m SPY: +0.10%
2026-05-26 14:06:26,805 INFO scan done  signals=0
2026-05-26 14:11:53,023 INFO scan started  force=False
2026-05-26 14:11:54,368 INFO universe=0 symbols  regime=🟢 intraday bull — SPY above VWAP + EMA9>21  first-30m SPY: +0.10%
2026-05-26 14:11:54,369 INFO scan done  signals=0
2026-05-26 14:17:18,094 INFO scan started  force=False
2026-05-26 14:17:19,778 INFO universe=3 symbols  regime=🟢 intraday bull — SPY above VWAP + EMA9>21  first-30m SPY: +0.10%
2026-05-26 14:17:20,479 INFO scan done  signals=0
2026-05-26 14:22:40,403 INFO scan started  force=False
2026-05-26 14:22:42,082 INFO universe=1 symbols  regime=🟢 intraday bull — SPY above VWAP + EMA9>21  first-30m SPY: +0.10%
2026-05-26 14:22:42,599 INFO scan done  signals=0
2026-05-26 14:28:06,166 INFO trade closed  KLAC CALL  status=won  pnl=1.51%
2026-05-26 14:28:06,167 INFO scan started  force=False
2026-05-26 14:28:07,609 INFO universe=2 symbols  regime=🟢 intraday bull — SPY above VWAP + EMA9>21  first-30m SPY: +0.10%
2026-05-26 14:28:07,945 INFO scan done  signals=0
2026-05-26 14:33:33,554 INFO scan started  force=False
2026-05-26 14:33:35,331 INFO universe=1 symbols  regime=🟢 intraday bull — SPY above VWAP + EMA9>21  first-30m SPY: +0.10%
2026-05-26 14:33:35,725 INFO scan done  signals=0
2026-05-26 14:38:58,805 INFO scan started  force=False
2026-05-26 14:39:00,365 INFO universe=8 symbols  regime=🟢 intraday bull — SPY above VWAP + EMA9>21  first-30m SPY: +0.10%
2026-05-26 14:39:01,151 INFO scan done  signals=0
2026-05-26 14:44:26,903 INFO scan started  force=False
2026-05-26 14:44:28,443 INFO universe=9 symbols  regime=🟢 intraday bull — SPY above VWAP + EMA9>21  first-30m SPY: +0.10%
2026-05-26 14:44:28,939 INFO scan done  signals=0
2026-05-26 14:49:55,873 INFO scan started  force=False
2026-05-26 14:49:57,323 INFO universe=7 symbols  regime=🟢 intraday bull — SPY above VWAP + EMA9>21  first-30m SPY: +0.10%
2026-05-26 14:49:57,917 INFO scan done  signals=0
2026-05-26 14:55:20,542 INFO scan started  force=False
2026-05-26 14:55:22,235 INFO universe=24 symbols  regime=🟢 intraday bull — SPY above VWAP + EMA9>21  first-30m SPY: +0.10%
2026-05-26 14:55:26,126 INFO scan done  signals=0
2026-05-26 15:00:49,144 INFO scan started  force=False
2026-05-26 15:00:51,037 INFO universe=28 symbols  regime=🟢 intraday bull — SPY above VWAP + EMA9>21  first-30m SPY: +0.10%
2026-05-26 15:00:53,250 INFO scan done  signals=0
2026-05-26 15:06:14,742 INFO scan started  force=False
2026-05-26 15:06:16,515 INFO universe=2 symbols  regime=🔴 intraday bear — SPY below VWAP or EMA9<21  first-30m SPY: +0.10%
2026-05-26 15:06:17,207 INFO scan done  signals=0
2026-05-26 15:11:41,934 INFO scan started  force=False
2026-05-26 15:11:46,497 INFO universe=1 symbols  regime=🔴 intraday bear — SPY below VWAP or EMA9<21  first-30m SPY: +0.10%
2026-05-26 15:11:47,063 INFO scan done  signals=0
2026-05-26 15:17:12,995 INFO scan started  force=False
2026-05-26 15:17:14,921 INFO universe=2 symbols  regime=🔴 intraday bear — SPY below VWAP or EMA9<21  first-30m SPY: +0.10%
2026-05-26 15:17:15,375 INFO scan done  signals=0
2026-05-26 15:22:37,807 INFO scan started  force=False
2026-05-26 15:22:39,708 INFO universe=2 symbols  regime=🔴 intraday bear — SPY below VWAP or EMA9<21  first-30m SPY: +0.10%
2026-05-26 15:22:40,199 INFO scan done  signals=0
2026-05-26 15:28:01,413 INFO scan started  force=False
2026-05-26 15:28:03,092 INFO universe=9 symbols  regime=🟢 intraday bull — SPY above VWAP + EMA9>21  first-30m SPY: +0.10%
2026-05-26 15:28:03,997 INFO scan done  signals=0
2026-05-26 15:33:29,660 INFO scan started  force=False
2026-05-26 15:33:31,452 INFO universe=19 symbols  regime=🟢 intraday bull — SPY above VWAP + EMA9>21  first-30m SPY: +0.10%
2026-05-26 15:33:31,456 INFO scan done  signals=0
2026-05-26 15:38:56,291 INFO scan started  force=False
2026-05-26 15:38:57,834 INFO universe=17 symbols  regime=🟢 intraday bull — SPY above VWAP + EMA9>21  first-30m SPY: +0.10%
2026-05-26 15:38:57,837 INFO scan done  signals=0
2026-05-26 15:44:20,205 INFO scan started  force=False
2026-05-26 15:44:22,109 INFO universe=41 symbols  regime=🟢 intraday bull — SPY above VWAP + EMA9>21  first-30m SPY: +0.10%
2026-05-26 15:44:22,115 INFO scan done  signals=0
2026-05-26 15:49:46,201 INFO EOD swing sweep triggered from api.py
2026-05-26 15:49:46,208 INFO scan started  force=False
2026-05-26 15:49:48,274 INFO universe=42 symbols  regime=🟢 intraday bull — SPY above VWAP + EMA9>21  first-30m SPY: +0.10%
2026-05-26 15:49:48,287 INFO scan done  signals=0
2026-05-26 15:55:15,134 INFO trade closed  NET CALL  status=closed  pnl=0.53%
2026-05-26 15:55:15,262 INFO trade closed  SNOW CALL  status=closed  pnl=-1.30%
2026-05-26 15:55:15,385 INFO trade closed  DDOG CALL  status=closed  pnl=-0.37%
2026-05-26 15:55:15,509 INFO trade closed  WDAY PUT  status=closed  pnl=0.51%
2026-05-26 15:55:15,509 INFO scan started  force=False
2026-05-26 15:55:17,620 INFO universe=45 symbols  regime=🟢 intraday bull — SPY above VWAP + EMA9>21  first-30m SPY: +0.10%
2026-05-26 15:55:17,626 INFO scan done  signals=0
2026-05-27 09:37:58,308 INFO scan started  force=False

  Multi-Algo Signals API
  Algos: largecap | spx | smallcap
  App (React build): http://localhost:5000/
  Dev mode (Vite):   cd web && npm run dev  → http://localhost:3000

 * Serving Flask app 'api'
 * Debug mode: off
WARNING: This is a development server. Do not use it in a production deployment. Use a production WSGI server instead.
 * Running on http://127.0.0.1:5000
Press CTRL+C to quit
2026-05-27 09:38:00,207 INFO universe=0 symbols  regime=🟢 intraday bull — SPY above VWAP + EMA9>21
2026-05-27 09:38:00,207 INFO scan done  signals=0
2026-05-27 09:43:00,737 INFO scan started  force=False
2026-05-27 09:43:02,484 INFO universe=0 symbols  regime=🟢 intraday bull — SPY above VWAP + EMA9>21
2026-05-27 09:43:02,485 INFO scan done  signals=0
2026-05-27 09:48:07,620 INFO scan started  force=False
2026-05-27 09:48:09,497 INFO universe=0 symbols  regime=🟢 intraday bull — SPY above VWAP + EMA9>21
2026-05-27 09:48:09,505 INFO scan done  signals=0
2026-05-27 09:53:13,495 INFO scan started  force=False
2026-05-27 09:53:15,022 INFO universe=1 symbols  regime=🟢 intraday bull — SPY above VWAP + EMA9>21
2026-05-27 09:53:15,376 INFO scan done  signals=0
2026-05-27 09:58:19,946 INFO scan started  force=False
2026-05-27 09:58:21,804 INFO universe=4 symbols  regime=🟢 intraday bull — SPY above VWAP + EMA9>21  first-30m SPY: -0.07%
2026-05-27 09:58:24,153 INFO scan done  signals=0
2026-05-27 10:03:28,999 INFO scan started  force=False
2026-05-27 10:03:30,982 INFO universe=3 symbols  regime=🟢 intraday bull — SPY above VWAP + EMA9>21  first-30m SPY: -0.05%
2026-05-27 10:03:31,570 INFO scan done  signals=0
2026-05-27 10:08:36,714 INFO scan started  force=False
2026-05-27 10:08:38,562 INFO universe=6 symbols  regime=🟢 intraday bull — SPY above VWAP + EMA9>21  first-30m SPY: -0.05%
2026-05-27 10:08:40,774 INFO scan done  signals=0
2026-05-27 10:13:47,272 INFO scan started  force=False
2026-05-27 10:13:49,021 INFO universe=2 symbols  regime=🟢 intraday bull — SPY above VWAP + EMA9>21  first-30m SPY: -0.05%
2026-05-27 10:13:51,759 INFO scan done  signals=0
2026-05-27 10:18:56,893 INFO scan started  force=False
2026-05-27 10:18:58,679 INFO universe=4 symbols  regime=🟢 intraday bull — SPY above VWAP + EMA9>21  first-30m SPY: -0.05%
2026-05-27 10:19:01,007 INFO scan done  signals=0
2026-05-27 10:24:06,518 INFO scan started  force=False
2026-05-27 10:24:08,637 INFO universe=14 symbols  regime=🟢 intraday bull — SPY above VWAP + EMA9>21  first-30m SPY: -0.05%
2026-05-27 10:24:13,939 INFO signal  WDAY CALL  score=100  grade=S
2026-05-27 10:24:13,939 INFO ntfy → WDAY  grade=S  topic=aarav-scanner-9274
2026-05-27 10:24:14,199 INFO scan done  signals=1
2026-05-27 10:29:19,918 INFO scan started  force=False
2026-05-27 10:29:21,870 INFO universe=23 symbols  regime=🟢 intraday bull — SPY above VWAP + EMA9>21  first-30m SPY: -0.05%
2026-05-27 10:29:27,869 INFO signal  ADBE CALL  score=97  grade=S
2026-05-27 10:29:27,869 INFO ntfy → ADBE  grade=S  topic=aarav-scanner-9274
2026-05-27 10:29:28,208 INFO scan done  signals=1
2026-05-27 10:34:34,264 INFO scan started  force=False
2026-05-27 10:34:37,074 INFO universe=12 symbols  regime=🟢 intraday bull — SPY above VWAP + EMA9>21  first-30m SPY: -0.05%
2026-05-27 10:34:39,850 INFO scan done  signals=0
2026-05-27 10:39:46,644 INFO scan started  force=False
2026-05-27 10:39:48,233 INFO universe=12 symbols  regime=🟢 intraday bull — SPY above VWAP + EMA9>21  first-30m SPY: -0.05%
2026-05-27 10:39:51,198 INFO scan done  signals=0
2026-05-27 10:44:58,202 INFO scan started  force=False
2026-05-27 10:45:00,346 INFO universe=12 symbols  regime=🟢 intraday bull — SPY above VWAP + EMA9>21  first-30m SPY: -0.05%
2026-05-27 10:45:03,751 INFO signal  TSLA CALL  score=100  grade=S
2026-05-27 10:45:03,752 INFO ntfy → TSLA  grade=S  topic=aarav-scanner-9274
2026-05-27 10:45:03,993 INFO scan done  signals=1
2026-05-27 10:50:10,102 INFO scan started  force=False
2026-05-27 10:50:11,626 INFO universe=10 symbols  regime=🟢 intraday bull — SPY above VWAP + EMA9>21  first-30m SPY: -0.05%
2026-05-27 10:50:14,678 INFO scan done  signals=0
2026-05-27 10:55:21,330 INFO trade closed  ADBE CALL  status=lost  pnl=-1.00%
2026-05-27 10:55:21,330 INFO scan started  force=False
2026-05-27 10:55:22,990 INFO universe=12 symbols  regime=🟢 intraday bull — SPY above VWAP + EMA9>21  first-30m SPY: -0.05%
2026-05-27 10:55:25,675 INFO scan done  signals=0
2026-05-27 11:00:32,929 INFO scan started  force=False
2026-05-27 11:00:34,626 INFO universe=13 symbols  regime=🔴 intraday bear — SPY below VWAP or EMA9<21  first-30m SPY: -0.05%
2026-05-27 11:00:37,748 INFO signal  AVGO PUT  score=93  grade=S
2026-05-27 11:00:37,748 INFO ntfy → AVGO  grade=S  topic=aarav-scanner-9274
2026-05-27 11:00:38,330 INFO scan done  signals=1
2026-05-27 11:05:45,546 INFO scan started  force=False
2026-05-27 11:05:47,328 INFO universe=17 symbols  regime=🔴 intraday bear — SPY below VWAP or EMA9<21  first-30m SPY: -0.05%
2026-05-27 11:05:50,013 INFO scan done  signals=0
2026-05-27 11:10:57,679 INFO trade closed  WDAY CALL  status=lost  pnl=-1.41%
2026-05-27 11:10:57,679 INFO scan started  force=False
2026-05-27 11:10:59,350 INFO universe=12 symbols  regime=🔴 intraday bear — SPY below VWAP or EMA9<21  first-30m SPY: -0.05%
2026-05-27 11:11:01,791 INFO scan done  signals=0
2026-05-27 11:16:07,844 INFO scan started  force=False
2026-05-27 11:16:09,631 INFO universe=1 symbols  regime=🔴 intraday bear — SPY below VWAP or EMA9<21  first-30m SPY: -0.05%
2026-05-27 11:16:10,127 INFO scan done  signals=0
2026-05-27 11:21:17,461 INFO scan started  force=False
2026-05-27 11:21:19,068 INFO universe=0 symbols  regime=🔴 intraday bear — SPY below VWAP or EMA9<21  first-30m SPY: -0.05%
2026-05-27 11:21:19,069 INFO scan done  signals=0
2026-05-27 11:26:26,057 INFO scan started  force=False
2026-05-27 11:26:27,713 INFO universe=0 symbols  regime=🔴 intraday bear — SPY below VWAP or EMA9<21  first-30m SPY: -0.05%
2026-05-27 11:26:27,714 INFO scan done  signals=0
2026-05-27 11:31:35,465 INFO scan started  force=False
2026-05-27 11:31:37,140 INFO universe=0 symbols  regime=🔴 intraday bear — SPY below VWAP or EMA9<21  first-30m SPY: -0.05%
2026-05-27 11:31:37,141 INFO scan done  signals=0
2026-05-27 11:36:45,347 INFO scan started  force=False
2026-05-27 11:36:46,930 INFO universe=0 symbols  regime=🔴 intraday bear — SPY below VWAP or EMA9<21  first-30m SPY: -0.05%
2026-05-27 11:36:46,930 INFO scan done  signals=0
2026-05-27 11:41:53,680 INFO scan started  force=False
2026-05-27 11:41:55,283 INFO universe=0 symbols  regime=🔴 intraday bear — SPY below VWAP or EMA9<21  first-30m SPY: -0.05%
2026-05-27 11:41:55,284 INFO scan done  signals=0
2026-05-27 11:47:02,584 INFO trade closed  TSLA CALL  status=lost  pnl=-1.05%
2026-05-27 11:47:02,584 INFO scan started  force=False
2026-05-27 11:47:04,303 INFO universe=0 symbols  regime=🔴 intraday bear — SPY below VWAP or EMA9<21  first-30m SPY: -0.05%
2026-05-27 11:47:04,303 INFO scan done  signals=0
2026-05-27 11:52:12,397 INFO scan started  force=False
2026-05-27 11:52:14,147 INFO universe=2 symbols  regime=🔴 intraday bear — SPY below VWAP or EMA9<21  first-30m SPY: -0.05%
2026-05-27 11:52:15,427 INFO scan done  signals=0
2026-05-27 11:57:23,138 INFO scan started  force=False
2026-05-27 11:57:24,956 INFO universe=1 symbols  regime=🔴 intraday bear — SPY below VWAP or EMA9<21  first-30m SPY: -0.05%
2026-05-27 11:57:25,441 INFO scan done  signals=0
2026-05-27 12:02:33,636 INFO scan started  force=False
2026-05-27 12:02:35,131 INFO universe=0 symbols  regime=🔴 intraday bear — SPY below VWAP or EMA9<21  first-30m SPY: -0.05%
2026-05-27 12:02:35,131 INFO scan done  signals=0
2026-05-27 12:07:42,494 INFO scan started  force=False
2026-05-27 12:07:43,988 INFO universe=0 symbols  regime=🔴 intraday bear — SPY below VWAP or EMA9<21  first-30m SPY: -0.05%
2026-05-27 12:07:43,989 INFO scan done  signals=0
2026-05-27 12:12:51,489 INFO scan started  force=False
2026-05-27 12:12:53,421 INFO universe=1 symbols  regime=🔴 intraday bear — SPY below VWAP or EMA9<21  first-30m SPY: -0.05%
2026-05-27 12:12:53,820 INFO scan done  signals=0
2026-05-27 12:18:02,610 INFO scan started  force=False
2026-05-27 12:18:04,470 INFO universe=2 symbols  regime=🔴 intraday bear — SPY below VWAP or EMA9<21  first-30m SPY: -0.05%
2026-05-27 12:18:05,069 INFO scan done  signals=0
2026-05-27 12:23:13,223 INFO scan started  force=False
2026-05-27 12:23:14,756 INFO universe=3 symbols  regime=🔴 intraday bear — SPY below VWAP or EMA9<21  first-30m SPY: -0.05%
2026-05-27 12:23:15,337 INFO scan done  signals=0
2026-05-27 12:28:23,366 INFO scan started  force=False
2026-05-27 12:28:25,182 INFO universe=3 symbols  regime=🔴 intraday bear — SPY below VWAP or EMA9<21  first-30m SPY: -0.05%
2026-05-27 12:28:25,623 INFO scan done  signals=0
2026-05-27 12:33:34,741 INFO scan started  force=False
2026-05-27 12:33:36,586 INFO universe=6 symbols  regime=🔴 intraday bear — SPY below VWAP or EMA9<21  first-30m SPY: -0.05%
2026-05-27 12:33:37,043 INFO scan done  signals=0
2026-05-27 12:38:45,247 INFO scan started  force=False
2026-05-27 12:38:47,043 INFO universe=5 symbols  regime=🟢 intraday bull — SPY above VWAP + EMA9>21  first-30m SPY: -0.05%
2026-05-27 12:38:47,991 INFO scan done  signals=0
2026-05-27 12:43:57,496 INFO scan started  force=False
2026-05-27 12:43:59,315 INFO universe=1 symbols  regime=🟢 intraday bull — SPY above VWAP + EMA9>21  first-30m SPY: -0.05%
2026-05-27 12:43:59,775 INFO scan done  signals=0
2026-05-27 12:49:08,109 INFO scan started  force=False
2026-05-27 12:49:10,169 INFO universe=10 symbols  regime=🟢 intraday bull — SPY above VWAP + EMA9>21  first-30m SPY: -0.05%
2026-05-27 12:49:10,890 INFO scan done  signals=0
2026-05-27 12:54:19,358 INFO scan started  force=False
2026-05-27 12:54:21,195 INFO universe=3 symbols  regime=🟢 intraday bull — SPY above VWAP + EMA9>21  first-30m SPY: -0.05%
2026-05-27 12:54:21,691 INFO scan done  signals=0
2026-05-27 12:59:30,949 INFO scan started  force=False
2026-05-27 12:59:32,587 INFO universe=3 symbols  regime=🟢 intraday bull — SPY above VWAP + EMA9>21  first-30m SPY: -0.05%
2026-05-27 12:59:33,037 INFO scan done  signals=0
2026-05-27 13:04:41,513 INFO scan started  force=False
2026-05-27 13:04:43,308 INFO universe=4 symbols  regime=🟢 intraday bull — SPY above VWAP + EMA9>21  first-30m SPY: -0.05%
2026-05-27 13:04:43,748 INFO scan done  signals=0
2026-05-27 13:09:52,442 INFO scan started  force=False
2026-05-27 13:09:55,290 INFO universe=7 symbols  regime=🔴 intraday bear — SPY below VWAP or EMA9<21  first-30m SPY: -0.05%
2026-05-27 13:09:57,691 INFO scan done  signals=0
2026-05-27 13:15:03,511 INFO scan started  force=False
2026-05-27 13:15:05,369 INFO universe=19 symbols  regime=🔴 intraday bear — SPY below VWAP or EMA9<21  first-30m SPY: -0.05%
2026-05-27 13:15:07,991 INFO scan done  signals=0
2026-05-27 13:20:12,534 INFO scan started  force=False
2026-05-27 13:20:14,093 INFO universe=9 symbols  regime=🔴 intraday bear — SPY below VWAP or EMA9<21  first-30m SPY: -0.05%
2026-05-27 13:20:16,561 INFO signal  ZS PUT  score=97  grade=S
2026-05-27 13:20:16,561 INFO ntfy → ZS  grade=S  topic=aarav-scanner-9274
2026-05-27 13:20:16,689 INFO scan done  signals=1
2026-05-27 13:25:22,624 INFO scan started  force=False
2026-05-27 13:25:24,337 INFO universe=13 symbols  regime=🔴 intraday bear — SPY below VWAP or EMA9<21  first-30m SPY: -0.05%
2026-05-27 13:25:25,504 INFO scan done  signals=0
2026-05-27 13:30:33,349 INFO scan started  force=False
2026-05-27 13:30:35,077 INFO universe=11 symbols  regime=🔴 intraday bear — SPY below VWAP or EMA9<21  first-30m SPY: -0.05%
2026-05-27 13:30:35,936 INFO scan done  signals=0
2026-05-27 13:35:43,644 INFO scan started  force=False
2026-05-27 13:35:45,174 INFO universe=8 symbols  regime=🔴 intraday bear — SPY below VWAP or EMA9<21  first-30m SPY: -0.05%
2026-05-27 13:35:45,807 INFO scan done  signals=0
2026-05-27 13:40:55,123 INFO scan started  force=False
2026-05-27 13:40:56,747 INFO universe=13 symbols  regime=🔴 intraday bear — SPY below VWAP or EMA9<21  first-30m SPY: -0.05%
2026-05-27 13:40:57,709 INFO scan done  signals=0
2026-05-27 13:46:06,040 INFO scan started  force=False
2026-05-27 13:46:07,747 INFO universe=0 symbols  regime=🔴 intraday bear — SPY below VWAP or EMA9<21  first-30m SPY: -0.05%
2026-05-27 13:46:07,748 INFO scan done  signals=0
2026-05-27 13:51:14,732 INFO scan started  force=False
2026-05-27 13:51:16,376 INFO universe=1 symbols  regime=🔴 intraday bear — SPY below VWAP or EMA9<21  first-30m SPY: -0.05%
2026-05-27 13:51:16,776 INFO scan done  signals=0
2026-05-27 13:56:25,152 INFO scan started  force=False
2026-05-27 13:56:27,180 INFO universe=1 symbols  regime=🟢 intraday bull — SPY above VWAP + EMA9>21  first-30m SPY: -0.05%
2026-05-27 13:56:27,530 INFO scan done  signals=0
2026-05-27 14:01:35,291 INFO scan started  force=False
2026-05-27 14:01:36,917 INFO universe=1 symbols  regime=🟢 intraday bull — SPY above VWAP + EMA9>21  first-30m SPY: -0.05%
2026-05-27 14:01:37,315 INFO scan done  signals=0
2026-05-27 14:06:45,555 INFO scan started  force=False
2026-05-27 14:06:48,999 INFO universe=2 symbols  regime=🔴 intraday bear — SPY below VWAP or EMA9<21  first-30m SPY: -0.05%
2026-05-27 14:06:49,422 INFO scan done  signals=0

  Multi-Algo Signals API
  Algos: largecap | spx | smallcap
  App (React build): http://localhost:5000/
  Dev mode (Vite):   cd web && npm run dev  → http://localhost:3000

 * Serving Flask app 'api'
 * Debug mode: off
WARNING: This is a development server. Do not use it in a production deployment. Use a production WSGI server instead.
 * Running on http://127.0.0.1:5000
Press CTRL+C to quit
2026-05-29 12:55:41,249 INFO scan started  force=False

  Multi-Algo Signals API
  Algos: largecap | spx | smallcap
  App (React build): http://localhost:5000/
  Dev mode (Vite):   cd web && npm run dev  → http://localhost:3000

 * Serving Flask app 'api'
 * Debug mode: off
WARNING: This is a development server. Do not use it in a production deployment. Use a production WSGI server instead.
 * Running on http://127.0.0.1:5000
Press CTRL+C to quit
2026-05-29 12:55:43,091 INFO universe=12 symbols  regime=🟢 intraday bull — SPY above VWAP + EMA9>21  first-30m SPY: +0.25%
2026-05-29 12:55:43,974 INFO scan done  signals=0
2026-05-29 13:01:00,784 INFO scan started  force=False
2026-05-29 13:01:02,222 INFO universe=4 symbols  regime=🟢 intraday bull — SPY above VWAP + EMA9>21  first-30m SPY: +0.25%
2026-05-29 13:01:02,731 INFO scan done  signals=0
2026-05-29 13:06:23,100 INFO scan started  force=False
2026-05-29 13:06:24,589 INFO universe=0 symbols  regime=🟢 intraday bull — SPY above VWAP + EMA9>21  first-30m SPY: +0.25%
2026-05-29 13:06:24,596 INFO scan done  signals=0
2026-05-29 13:11:41,199 INFO scan started  force=False
2026-05-29 13:11:42,936 INFO universe=3 symbols  regime=🟢 intraday bull — SPY above VWAP + EMA9>21  first-30m SPY: +0.25%
2026-05-29 13:11:43,403 INFO scan done  signals=0
2026-05-29 13:17:05,507 INFO scan started  force=False
2026-05-29 13:17:07,071 INFO universe=1 symbols  regime=🟢 intraday bull — SPY above VWAP + EMA9>21  first-30m SPY: +0.25%
2026-05-29 13:17:07,779 INFO scan done  signals=0
2026-05-29 13:22:20,477 INFO scan started  force=False
2026-05-29 13:22:21,975 INFO universe=2 symbols  regime=🔴 intraday bear — SPY below VWAP or EMA9<21  first-30m SPY: +0.25%
2026-05-29 13:22:24,148 INFO scan done  signals=0
2026-05-29 13:27:43,105 INFO scan started  force=False
2026-05-29 13:27:46,800 INFO universe=1 symbols  regime=🔴 intraday bear — SPY below VWAP or EMA9<21  first-30m SPY: +0.25%
2026-05-29 13:27:47,233 INFO scan done  signals=0
2026-05-29 13:33:06,376 INFO scan started  force=False
2026-05-29 13:33:07,938 INFO universe=2 symbols  regime=🔴 intraday bear — SPY below VWAP or EMA9<21  first-30m SPY: +0.25%
2026-05-29 13:33:08,347 INFO scan done  signals=0
2026-05-29 13:38:27,275 INFO scan started  force=False
2026-05-29 13:38:28,984 INFO universe=2 symbols  regime=🔴 intraday bear — SPY below VWAP or EMA9<21  first-30m SPY: +0.25%
2026-05-29 13:38:29,492 INFO scan done  signals=0
2026-05-29 13:43:49,115 INFO scan started  force=False
2026-05-29 13:43:50,777 INFO universe=1 symbols  regime=🔴 intraday bear — SPY below VWAP or EMA9<21  first-30m SPY: +0.25%
2026-05-29 13:43:51,096 INFO scan done  signals=0
2026-05-29 13:49:10,673 INFO scan started  force=False
2026-05-29 13:49:12,216 INFO universe=9 symbols  regime=🔴 intraday bear — SPY below VWAP or EMA9<21  first-30m SPY: +0.25%
2026-05-29 13:49:14,582 INFO scan done  signals=0
2026-05-29 13:54:34,206 INFO scan started  force=False
2026-05-29 13:54:36,025 INFO universe=14 symbols  regime=🔴 intraday bear — SPY below VWAP or EMA9<21  first-30m SPY: +0.25%
2026-05-29 13:54:36,872 INFO scan done  signals=0
2026-05-29 13:59:56,587 INFO scan started  force=False
2026-05-29 13:59:58,062 INFO universe=9 symbols  regime=🔴 intraday bear — SPY below VWAP or EMA9<21  first-30m SPY: +0.25%
2026-05-29 13:59:58,867 INFO scan done  signals=0
2026-05-29 14:05:20,027 INFO scan started  force=False
2026-05-29 14:05:21,631 INFO universe=23 symbols  regime=🔴 intraday bear — SPY below VWAP or EMA9<21  first-30m SPY: +0.25%
2026-05-29 14:05:24,055 INFO scan done  signals=0
2026-05-29 14:10:42,694 INFO scan started  force=False
2026-05-29 14:10:44,395 INFO universe=17 symbols  regime=🔴 intraday bear — SPY below VWAP or EMA9<21  first-30m SPY: +0.25%
2026-05-29 14:10:46,300 INFO scan done  signals=0

  Multi-Algo Signals API
  Algos: largecap | spx | smallcap
  App (React build): http://localhost:5000/
  Dev mode (Vite):   cd web && npm run dev  → http://localhost:3000

 * Serving Flask app 'api'
 * Debug mode: off
WARNING: This is a development server. Do not use it in a production deployment. Use a production WSGI server instead.
 * Running on http://127.0.0.1:5000
Press CTRL+C to quit
2026-05-31 14:10:34,818 INFO scan started  force=False

  Multi-Algo Signals API
  Algos: largecap | spx | smallcap
  App (React build): http://localhost:5000/
  Dev mode (Vite):   cd web && npm run dev  → http://localhost:3000

 * Serving Flask app 'api'
 * Debug mode: off
WARNING: This is a development server. Do not use it in a production deployment. Use a production WSGI server instead.
 * Running on http://127.0.0.1:5000
Press CTRL+C to quit
2026-06-01 11:41:28,338 INFO scan started  force=False

  Multi-Algo Signals API
  Algos: largecap | spx | smallcap
  App (React build): http://localhost:5000/
  Dev mode (Vite):   cd web && npm run dev  → http://localhost:3000

 * Serving Flask app 'api'
 * Debug mode: off
WARNING: This is a development server. Do not use it in a production deployment. Use a production WSGI server instead.
 * Running on http://127.0.0.1:5000
Press CTRL+C to quit
2026-06-01 11:41:30,048 INFO universe=0 symbols  regime=🟢 intraday bull — SPY above VWAP + EMA9>21  first-30m SPY: +0.03%
2026-06-01 11:41:30,048 INFO scan done  signals=0
2026-06-01 11:46:35,306 INFO scan started  force=False
2026-06-01 11:46:37,061 INFO universe=0 symbols  regime=🟢 intraday bull — SPY above VWAP + EMA9>21  first-30m SPY: +0.03%
2026-06-01 11:46:37,062 INFO scan done  signals=0
2026-06-01 11:51:44,296 INFO scan started  force=False
2026-06-01 11:51:46,132 INFO universe=0 symbols  regime=🟢 intraday bull — SPY above VWAP + EMA9>21  first-30m SPY: +0.03%
2026-06-01 11:51:46,140 INFO scan done  signals=0
2026-06-01 11:56:55,554 INFO scan started  force=False
2026-06-01 11:56:57,376 INFO universe=0 symbols  regime=🟢 intraday bull — SPY above VWAP + EMA9>21  first-30m SPY: +0.03%
2026-06-01 11:56:57,377 INFO scan done  signals=0
2026-06-01 12:02:04,653 INFO scan started  force=False
2026-06-01 12:02:06,378 INFO universe=3 symbols  regime=🟢 intraday bull — SPY above VWAP + EMA9>21  first-30m SPY: +0.03%
2026-06-01 12:02:06,903 INFO scan done  signals=0
2026-06-01 12:07:14,447 INFO scan started  force=False
2026-06-01 12:07:16,061 INFO universe=0 symbols  regime=🟢 intraday bull — SPY above VWAP + EMA9>21  first-30m SPY: +0.03%
2026-06-01 12:07:16,062 INFO scan done  signals=0
2026-06-01 12:12:24,940 INFO scan started  force=False
2026-06-01 12:12:27,188 INFO universe=1 symbols  regime=🟢 intraday bull — SPY above VWAP + EMA9>21  first-30m SPY: +0.03%
2026-06-01 12:12:27,627 INFO scan done  signals=0
2026-06-01 12:17:36,760 INFO scan started  force=False
2026-06-01 12:17:39,026 INFO universe=1 symbols  regime=🟢 intraday bull — SPY above VWAP + EMA9>21  first-30m SPY: +0.03%
2026-06-01 12:17:39,456 INFO scan done  signals=0
2026-06-01 12:22:49,697 INFO scan started  force=False
2026-06-01 12:22:51,401 INFO universe=1 symbols  regime=🟢 intraday bull — SPY above VWAP + EMA9>21  first-30m SPY: +0.03%
2026-06-01 12:22:55,513 INFO signal  ORCL CALL  score=100  grade=S
2026-06-01 12:22:55,513 INFO ntfy → ORCL  grade=S  topic=aarav-scanner-9274
2026-06-01 12:22:55,689 INFO scan done  signals=1
2026-06-01 12:28:05,069 INFO scan started  force=False
2026-06-01 12:28:06,764 INFO universe=2 symbols  regime=🟢 intraday bull — SPY above VWAP + EMA9>21  first-30m SPY: +0.03%
2026-06-01 12:28:09,392 INFO signal  DDOG CALL  score=100  grade=S
2026-06-01 12:28:09,392 INFO ntfy → DDOG  grade=S  topic=aarav-scanner-9274
2026-06-01 12:28:09,648 INFO scan done  signals=1
2026-06-01 12:33:19,399 INFO scan started  force=False
2026-06-01 12:33:22,486 INFO universe=6 symbols  regime=🟢 intraday bull — SPY above VWAP + EMA9>21  first-30m SPY: +0.03%
2026-06-01 12:33:24,726 INFO scan done  signals=0
2026-06-01 12:38:34,552 INFO scan started  force=False
2026-06-01 12:38:36,147 INFO universe=1 symbols  regime=🟢 intraday bull — SPY above VWAP + EMA9>21  first-30m SPY: +0.03%
2026-06-01 12:38:36,565 INFO scan done  signals=0
2026-06-01 12:43:46,915 INFO scan started  force=False
2026-06-01 12:43:48,475 INFO universe=2 symbols  regime=🟢 intraday bull — SPY above VWAP + EMA9>21  first-30m SPY: +0.03%
2026-06-01 12:43:48,938 INFO scan done  signals=0
2026-06-01 12:48:59,673 INFO scan started  force=False
2026-06-01 12:49:01,781 INFO universe=2 symbols  regime=🟢 intraday bull — SPY above VWAP + EMA9>21  first-30m SPY: +0.03%
2026-06-01 12:49:02,299 INFO scan done  signals=0
2026-06-01 12:54:11,813 INFO scan started  force=False
2026-06-01 12:54:13,691 INFO universe=8 symbols  regime=🟢 intraday bull — SPY above VWAP + EMA9>21  first-30m SPY: +0.03%
2026-06-01 12:54:15,984 INFO scan done  signals=0
2026-06-01 12:59:25,667 INFO scan started  force=False
2026-06-01 12:59:28,577 INFO universe=8 symbols  regime=🟢 intraday bull — SPY above VWAP + EMA9>21  first-30m SPY: +0.03%
2026-06-01 12:59:30,686 INFO scan done  signals=0
2026-06-01 13:04:41,041 INFO scan started  force=False
2026-06-01 13:04:42,842 INFO universe=6 symbols  regime=🟢 intraday bull — SPY above VWAP + EMA9>21  first-30m SPY: +0.03%
2026-06-01 13:04:45,519 INFO signal  MU CALL  score=100  grade=S
2026-06-01 13:04:45,519 INFO ntfy → MU  grade=S  topic=aarav-scanner-9274
2026-06-01 13:04:45,716 INFO scan done  signals=1
2026-06-01 13:09:55,652 INFO scan started  force=False
2026-06-01 13:09:57,333 INFO universe=5 symbols  regime=🟢 intraday bull — SPY above VWAP + EMA9>21  first-30m SPY: +0.03%
2026-06-01 13:09:57,804 INFO scan done  signals=0
2026-06-01 13:15:08,235 INFO scan started  force=False
2026-06-01 13:15:10,265 INFO universe=7 symbols  regime=🟢 intraday bull — SPY above VWAP + EMA9>21  first-30m SPY: +0.03%
2026-06-01 13:15:12,970 INFO signal  ORCL CALL  score=100  grade=S
2026-06-01 13:15:12,970 INFO ntfy → ORCL  grade=S  topic=aarav-scanner-9274
2026-06-01 13:15:13,092 INFO scan done  signals=1
2026-06-01 13:20:23,450 INFO scan started  force=False
2026-06-01 13:20:25,117 INFO universe=8 symbols  regime=🟢 intraday bull — SPY above VWAP + EMA9>21  first-30m SPY: +0.03%
2026-06-01 13:20:25,598 INFO scan done  signals=0
2026-06-01 13:25:36,945 INFO scan started  force=False
2026-06-01 13:25:38,717 INFO universe=10 symbols  regime=🟢 intraday bull — SPY above VWAP + EMA9>21  first-30m SPY: +0.03%
2026-06-01 13:25:39,598 INFO scan done  signals=0
2026-06-01 13:30:49,983 INFO scan started  force=False
2026-06-01 13:30:51,578 INFO universe=20 symbols  regime=🟢 intraday bull — SPY above VWAP + EMA9>21  first-30m SPY: +0.03%
2026-06-01 13:30:53,405 INFO scan done  signals=0
2026-06-01 13:36:03,753 INFO scan started  force=False
2026-06-01 13:36:06,470 INFO universe=2 symbols  regime=🟢 intraday bull — SPY above VWAP + EMA9>21  first-30m SPY: +0.03%
2026-06-01 13:36:06,955 INFO scan done  signals=0
2026-06-01 13:41:17,338 INFO scan started  force=False
2026-06-01 13:41:18,913 INFO universe=3 symbols  regime=🟢 intraday bull — SPY above VWAP + EMA9>21  first-30m SPY: +0.03%
2026-06-01 13:41:19,266 INFO scan done  signals=0
2026-06-01 13:46:29,645 INFO scan started  force=False
2026-06-01 13:46:31,349 INFO universe=0 symbols  regime=🟢 intraday bull — SPY above VWAP + EMA9>21  first-30m SPY: +0.03%
2026-06-01 13:46:31,350 INFO scan done  signals=0
2026-06-01 13:51:43,405 INFO scan started  force=False
2026-06-01 13:51:45,664 INFO universe=1 symbols  regime=🟢 intraday bull — SPY above VWAP + EMA9>21  first-30m SPY: +0.03%
2026-06-01 13:51:46,101 INFO scan done  signals=0
2026-06-01 13:56:56,685 INFO scan started  force=False
2026-06-01 13:56:58,554 INFO universe=0 symbols  regime=🟢 intraday bull — SPY above VWAP + EMA9>21  first-30m SPY: +0.03%
2026-06-01 13:56:58,555 INFO scan done  signals=0
2026-06-01 14:02:09,123 INFO scan started  force=False
2026-06-01 14:02:10,807 INFO universe=0 symbols  regime=🟢 intraday bull — SPY above VWAP + EMA9>21  first-30m SPY: +0.03%
2026-06-01 14:02:10,808 INFO scan done  signals=0
2026-06-01 14:07:22,770 INFO scan started  force=False
2026-06-01 14:07:27,558 INFO universe=2 symbols  regime=🟢 intraday bull — SPY above VWAP + EMA9>21  first-30m SPY: +0.03%
2026-06-01 14:07:28,076 INFO scan done  signals=0
2026-06-01 14:12:38,942 INFO scan started  force=False
2026-06-01 14:12:40,697 INFO universe=1 symbols  regime=🟢 intraday bull — SPY above VWAP + EMA9>21  first-30m SPY: +0.03%
2026-06-01 14:12:41,202 INFO scan done  signals=0
2026-06-01 14:17:53,083 INFO scan started  force=False
2026-06-01 14:17:54,811 INFO universe=3 symbols  regime=🟢 intraday bull — SPY above VWAP + EMA9>21  first-30m SPY: +0.03%
2026-06-01 14:17:55,372 INFO scan done  signals=0
2026-06-01 14:23:06,218 INFO scan started  force=False
2026-06-01 14:23:07,735 INFO universe=3 symbols  regime=🟢 intraday bull — SPY above VWAP + EMA9>21  first-30m SPY: +0.03%
2026-06-01 14:23:08,184 INFO scan done  signals=0
2026-06-01 14:28:19,195 INFO scan started  force=False
2026-06-01 14:28:20,932 INFO universe=1 symbols  regime=🟢 intraday bull — SPY above VWAP + EMA9>21  first-30m SPY: +0.03%
2026-06-01 14:28:21,321 INFO scan done  signals=0
2026-06-01 14:33:32,149 INFO scan started  force=False
2026-06-01 14:33:33,750 INFO universe=8 symbols  regime=🟢 intraday bull — SPY above VWAP + EMA9>21  first-30m SPY: +0.03%
2026-06-01 14:33:34,250 INFO scan done  signals=0
2026-06-01 14:38:46,918 INFO scan started  force=False
2026-06-01 14:38:48,637 INFO universe=6 symbols  regime=🟢 intraday bull — SPY above VWAP + EMA9>21  first-30m SPY: +0.03%
2026-06-01 14:38:49,087 INFO scan done  signals=0
2026-06-01 14:44:00,377 INFO trade closed  ORCL CALL  status=won  pnl=1.99%
2026-06-01 14:44:00,378 INFO scan started  force=False
2026-06-01 14:44:01,962 INFO universe=8 symbols  regime=🟢 intraday bull — SPY above VWAP + EMA9>21  first-30m SPY: +0.03%
2026-06-01 14:44:02,521 INFO scan done  signals=0
2026-06-01 14:49:13,594 INFO scan started  force=False
2026-06-01 14:49:15,268 INFO universe=7 symbols  regime=🟢 intraday bull — SPY above VWAP + EMA9>21  first-30m SPY: +0.03%
2026-06-01 14:49:17,023 INFO scan done  signals=0
2026-06-01 14:54:27,938 INFO trade closed  MU CALL  status=lost  pnl=-1.02%
2026-06-01 14:54:27,939 INFO scan started  force=False
2026-06-01 14:54:29,616 INFO universe=11 symbols  regime=🟢 intraday bull — SPY above VWAP + EMA9>21  first-30m SPY: +0.03%
2026-06-01 14:54:30,481 INFO scan done  signals=0
2026-06-01 14:59:41,312 INFO scan started  force=False
2026-06-01 14:59:43,113 INFO universe=14 symbols  regime=🟢 intraday bull — SPY above VWAP + EMA9>21  first-30m SPY: +0.03%
2026-06-01 14:59:44,020 INFO scan done  signals=0
2026-06-01 15:04:56,275 INFO scan started  force=False
2026-06-01 15:04:58,475 INFO universe=20 symbols  regime=🟢 intraday bull — SPY above VWAP + EMA9>21  first-30m SPY: +0.03%
2026-06-01 15:05:00,358 INFO scan done  signals=0
2026-06-01 15:10:10,958 INFO scan started  force=False
2026-06-01 15:10:12,591 INFO universe=33 symbols  regime=🟢 intraday bull — SPY above VWAP + EMA9>21  first-30m SPY: +0.03%
2026-06-01 15:10:14,761 INFO scan done  signals=0
2026-06-01 15:15:25,459 INFO scan started  force=False
2026-06-01 15:15:28,554 INFO universe=28 symbols  regime=🟢 intraday bull — SPY above VWAP + EMA9>21  first-30m SPY: +0.03%
2026-06-01 15:15:30,471 INFO scan done  signals=0
2026-06-01 15:20:41,420 INFO scan started  force=False
2026-06-01 15:20:43,453 INFO universe=37 symbols  regime=🟢 intraday bull — SPY above VWAP + EMA9>21  first-30m SPY: +0.03%
2026-06-01 15:20:45,902 INFO scan done  signals=0
2026-06-01 15:25:57,321 INFO scan started  force=False
2026-06-01 15:25:59,009 INFO universe=32 symbols  regime=🟢 intraday bull — SPY above VWAP + EMA9>21  first-30m SPY: +0.03%
2026-06-01 15:26:01,086 INFO scan done  signals=0
2026-06-01 15:31:13,267 INFO scan started  force=False
2026-06-01 15:31:15,121 INFO universe=2 symbols  regime=🟢 intraday bull — SPY above VWAP + EMA9>21  first-30m SPY: +0.03%
2026-06-01 15:31:15,121 INFO scan done  signals=0
2026-06-01 15:36:26,021 INFO scan started  force=False
2026-06-01 15:36:27,585 INFO universe=0 symbols  regime=🟢 intraday bull — SPY above VWAP + EMA9>21  first-30m SPY: +0.03%
2026-06-01 15:36:27,586 INFO scan done  signals=0
2026-06-01 15:41:38,693 INFO scan started  force=False
2026-06-01 15:41:41,462 INFO universe=1 symbols  regime=🟢 intraday bull — SPY above VWAP + EMA9>21  first-30m SPY: +0.03%
2026-06-01 15:41:41,463 INFO scan done  signals=0
2026-06-01 15:46:52,979 INFO EOD swing sweep triggered from api.py
2026-06-01 15:46:52,980 INFO scan started  force=False
2026-06-01 15:46:55,264 INFO universe=3 symbols  regime=🟢 intraday bull — SPY above VWAP + EMA9>21  first-30m SPY: +0.03%
2026-06-01 15:46:55,267 INFO scan done  signals=0
2026-06-01 15:52:06,718 INFO scan started  force=False
2026-06-01 15:52:08,765 INFO universe=36 symbols  regime=🔴 intraday bear — SPY below VWAP or EMA9<21  first-30m SPY: +0.03%
2026-06-01 15:52:08,771 INFO scan done  signals=0
2026-06-01 15:57:20,130 INFO trade closed  DDOG CALL  status=closed  pnl=0.74%
2026-06-01 15:57:20,131 INFO scan started  force=False
2026-06-01 15:57:21,685 INFO universe=44 symbols  regime=🔴 intraday bear — SPY below VWAP or EMA9<21  first-30m SPY: +0.03%
2026-06-01 15:57:21,691 INFO scan done  signals=0

  Multi-Algo Signals API
  Algos: largecap | spx | smallcap
  App (React build): http://localhost:5000/
  Dev mode (Vite):   cd web && npm run dev  → http://localhost:3000

 * Serving Flask app 'api'
 * Debug mode: off
WARNING: This is a development server. Do not use it in a production deployment. Use a production WSGI server instead.
 * Running on http://127.0.0.1:5000
Press CTRL+C to quit
2026-06-02 09:34:45,361 INFO scan started  force=False
2026-06-02 09:34:47,423 INFO universe=0 symbols  regime=🔴 intraday bear — SPY below VWAP or EMA9<21
2026-06-02 09:34:47,431 INFO scan done  signals=0
2026-06-02 09:40:09,021 INFO scan started  force=False
2026-06-02 09:40:19,015 INFO universe=0 symbols  regime=🔴 intraday bear — SPY below VWAP or EMA9<21
2026-06-02 09:40:19,021 INFO scan done  signals=0
2026-06-02 09:45:41,238 INFO scan started  force=False
2026-06-02 09:45:43,009 INFO universe=0 symbols  regime=🔴 intraday bear — SPY below VWAP or EMA9<21
2026-06-02 09:45:43,010 INFO scan done  signals=0
2026-06-02 09:51:05,144 INFO scan started  force=False
2026-06-02 09:51:06,699 INFO universe=0 symbols  regime=🔴 intraday bear — SPY below VWAP or EMA9<21
2026-06-02 09:51:06,700 INFO scan done  signals=0
2026-06-02 09:56:26,202 INFO scan started  force=False
2026-06-02 09:56:27,986 INFO universe=0 symbols  regime=🔴 intraday bear — SPY below VWAP or EMA9<21  first-30m SPY: +0.05%
2026-06-02 09:56:27,987 INFO scan done  signals=0
2026-06-02 10:01:48,739 INFO scan started  force=False
2026-06-02 10:01:50,775 INFO universe=0 symbols  regime=🔴 intraday bear — SPY below VWAP or EMA9<21  first-30m SPY: +0.08%
2026-06-02 10:01:50,776 INFO scan done  signals=0
2026-06-02 10:07:16,344 INFO scan started  force=False
2026-06-02 10:07:18,019 INFO universe=1 symbols  regime=🔴 intraday bear — SPY below VWAP or EMA9<21  first-30m SPY: +0.08%
2026-06-02 10:07:18,396 INFO scan done  signals=0
2026-06-02 10:12:41,251 INFO scan started  force=False
2026-06-02 10:12:42,898 INFO universe=1 symbols  regime=🔴 intraday bear — SPY below VWAP or EMA9<21  first-30m SPY: +0.08%
2026-06-02 10:12:45,134 INFO scan done  signals=0
2026-06-02 10:18:10,367 INFO scan started  force=False
2026-06-02 10:18:15,708 INFO universe=6 symbols  regime=🔴 intraday bear — SPY below VWAP or EMA9<21  first-30m SPY: +0.08%
2026-06-02 10:18:20,136 INFO signal  DDOG PUT  score=100  grade=S
2026-06-02 10:18:20,136 INFO ntfy → DDOG  grade=S  topic=aarav-scanner-9274
2026-06-02 10:18:20,323 INFO scan done  signals=1
2026-06-02 10:23:46,008 INFO scan started  force=False
2026-06-02 10:23:47,579 INFO universe=3 symbols  regime=🔴 intraday bear — SPY below VWAP or EMA9<21  first-30m SPY: +0.08%
2026-06-02 10:23:48,040 INFO scan done  signals=0
2026-06-02 10:29:13,756 INFO scan started  force=False
2026-06-02 10:29:15,282 INFO universe=14 symbols  regime=🔴 intraday bear — SPY below VWAP or EMA9<21  first-30m SPY: +0.08%
2026-06-02 10:29:21,875 INFO signal  WDAY PUT  score=97  grade=S
2026-06-02 10:29:21,875 INFO ntfy → WDAY  grade=S  topic=aarav-scanner-9274
2026-06-02 10:29:22,353 INFO signal  ORCL PUT  score=100  grade=S
2026-06-02 10:29:22,353 INFO ntfy → ORCL  grade=S  topic=aarav-scanner-9274
2026-06-02 10:29:22,667 INFO signal  SNOW PUT  score=100  grade=S
2026-06-02 10:29:22,667 INFO ntfy → SNOW  grade=S  topic=aarav-scanner-9274
2026-06-02 10:29:22,791 INFO scan done  signals=3
2026-06-02 10:34:47,838 INFO scan started  force=False
2026-06-02 10:34:49,328 INFO universe=6 symbols  regime=🔴 intraday bear — SPY below VWAP or EMA9<21  first-30m SPY: +0.08%
2026-06-02 10:34:52,065 INFO scan done  signals=0
2026-06-02 10:40:17,674 INFO scan started  force=False
2026-06-02 10:40:19,878 INFO universe=17 symbols  regime=🔴 intraday bear — SPY below VWAP or EMA9<21  first-30m SPY: +0.08%
2026-06-02 10:40:26,181 INFO scan done  signals=0
2026-06-02 10:45:53,441 INFO scan started  force=False
2026-06-02 10:45:55,059 INFO universe=16 symbols  regime=🔴 intraday bear — SPY below VWAP or EMA9<21  first-30m SPY: +0.08%
2026-06-02 10:45:58,061 INFO scan done  signals=0
2026-06-02 10:51:25,189 INFO scan started  force=False
2026-06-02 10:51:26,768 INFO universe=0 symbols  regime=🟢 intraday bull — SPY above VWAP + EMA9>21  first-30m SPY: +0.08%
2026-06-02 10:51:26,768 INFO scan done  signals=0
2026-06-02 10:56:56,170 INFO scan started  force=False
2026-06-02 10:56:57,610 INFO universe=1 symbols  regime=🟢 intraday bull — SPY above VWAP + EMA9>21  first-30m SPY: +0.08%
2026-06-02 10:56:57,612 INFO scan done  signals=0
2026-06-02 11:02:23,819 INFO scan started  force=False
2026-06-02 11:02:25,603 INFO universe=0 symbols  regime=🟢 intraday bull — SPY above VWAP + EMA9>21  first-30m SPY: +0.08%
2026-06-02 11:02:25,604 INFO scan done  signals=0
2026-06-02 11:07:48,369 INFO scan started  force=False
2026-06-02 11:07:49,933 INFO universe=3 symbols  regime=🟢 intraday bull — SPY above VWAP + EMA9>21  first-30m SPY: +0.08%
2026-06-02 11:07:53,256 INFO scan done  signals=0
2026-06-02 11:13:07,897 INFO scan started  force=False
2026-06-02 11:13:09,623 INFO universe=3 symbols  regime=🟢 intraday bull — SPY above VWAP + EMA9>21  first-30m SPY: +0.08%
2026-06-02 11:13:12,090 INFO scan done  signals=0
2026-06-02 11:18:30,268 INFO scan started  force=False
2026-06-02 11:18:31,914 INFO universe=2 symbols  regime=🟢 intraday bull — SPY above VWAP + EMA9>21  first-30m SPY: +0.08%
2026-06-02 11:18:32,283 INFO scan done  signals=0
2026-06-02 11:23:55,204 INFO scan started  force=False
2026-06-02 11:23:56,797 INFO universe=4 symbols  regime=🟢 intraday bull — SPY above VWAP + EMA9>21  first-30m SPY: +0.08%
2026-06-02 11:23:59,469 INFO scan done  signals=0
2026-06-02 11:29:20,200 INFO scan started  force=False
2026-06-02 11:29:22,201 INFO universe=5 symbols  regime=🟢 intraday bull — SPY above VWAP + EMA9>21  first-30m SPY: +0.08%
2026-06-02 11:29:25,010 INFO signal  NET CALL  score=100  grade=S
2026-06-02 11:29:25,011 INFO ntfy → NET  grade=S  topic=aarav-scanner-9274
2026-06-02 11:29:25,187 INFO scan done  signals=1
2026-06-02 11:34:48,736 INFO scan started  force=False
2026-06-02 11:34:50,501 INFO universe=3 symbols  regime=🟢 intraday bull — SPY above VWAP + EMA9>21  first-30m SPY: +0.08%
2026-06-02 11:34:53,055 INFO signal  AMD CALL  score=90  grade=S
2026-06-02 11:34:53,055 INFO ntfy → AMD  grade=S  topic=aarav-scanner-9274
2026-06-02 11:34:53,286 INFO scan done  signals=1
2026-06-02 11:40:13,649 INFO scan started  force=False
2026-06-02 11:40:15,199 INFO universe=16 symbols  regime=🟢 intraday bull — SPY above VWAP + EMA9>21  first-30m SPY: +0.08%
2026-06-02 11:40:17,846 INFO scan done  signals=0
2026-06-02 11:45:41,862 INFO scan started  force=False
2026-06-02 11:45:43,834 INFO universe=14 symbols  regime=🟢 intraday bull — SPY above VWAP + EMA9>21  first-30m SPY: +0.08%
2026-06-02 11:45:47,211 INFO scan done  signals=0
2026-06-02 11:51:10,826 INFO scan started  force=False
2026-06-02 11:51:12,755 INFO universe=0 symbols  regime=🟢 intraday bull — SPY above VWAP + EMA9>21  first-30m SPY: +0.08%
2026-06-02 11:51:12,755 INFO scan done  signals=0
2026-06-02 11:56:36,749 INFO scan started  force=False
2026-06-02 11:56:41,370 INFO universe=0 symbols  regime=🟢 intraday bull — SPY above VWAP + EMA9>21  first-30m SPY: +0.08%
2026-06-02 11:56:41,371 INFO scan done  signals=0
2026-06-02 12:02:05,710 INFO scan started  force=False
2026-06-02 12:02:07,497 INFO universe=1 symbols  regime=🟢 intraday bull — SPY above VWAP + EMA9>21  first-30m SPY: +0.08%
2026-06-02 12:02:07,871 INFO scan done  signals=0
2026-06-02 12:07:35,331 INFO trade closed  ORCL PUT  status=lost  pnl=-2.22%
2026-06-02 12:07:35,331 INFO scan started  force=False
2026-06-02 12:07:36,807 INFO universe=1 symbols  regime=🟢 intraday bull — SPY above VWAP + EMA9>21  first-30m SPY: +0.08%
2026-06-02 12:07:37,393 INFO scan done  signals=0
2026-06-02 12:13:06,584 INFO scan started  force=False
2026-06-02 12:13:08,545 INFO universe=1 symbols  regime=🟢 intraday bull — SPY above VWAP + EMA9>21  first-30m SPY: +0.08%
2026-06-02 12:13:09,048 INFO scan done  signals=0
2026-06-02 12:18:35,084 INFO scan started  force=False
2026-06-02 12:18:36,615 INFO universe=5 symbols  regime=🟢 intraday bull — SPY above VWAP + EMA9>21  first-30m SPY: +0.08%
2026-06-02 12:18:37,081 INFO scan done  signals=0
2026-06-02 12:24:03,333 INFO trade closed  WDAY PUT  status=lost  pnl=-1.87%
2026-06-02 12:24:03,333 INFO scan started  force=False
2026-06-02 12:24:06,854 INFO universe=5 symbols  regime=🟢 intraday bull — SPY above VWAP + EMA9>21  first-30m SPY: +0.08%
2026-06-02 12:24:07,357 INFO scan done  signals=0
2026-06-02 12:29:36,417 INFO scan started  force=False
2026-06-02 12:29:37,944 INFO universe=3 symbols  regime=🟢 intraday bull — SPY above VWAP + EMA9>21  first-30m SPY: +0.08%
2026-06-02 12:29:40,197 INFO scan done  signals=0
2026-06-02 12:35:08,963 INFO scan started  force=False
2026-06-02 12:35:10,518 INFO universe=8 symbols  regime=🟢 intraday bull — SPY above VWAP + EMA9>21  first-30m SPY: +0.08%
2026-06-02 12:35:11,481 INFO scan done  signals=0
2026-06-02 12:40:42,641 INFO trade closed  DDOG PUT  status=lost  pnl=-1.94%
2026-06-02 12:40:42,641 INFO scan started  force=False
2026-06-02 12:40:44,162 INFO universe=9 symbols  regime=🟢 intraday bull — SPY above VWAP + EMA9>21  first-30m SPY: +0.08%
2026-06-02 12:40:46,690 INFO scan done  signals=0
2026-06-02 12:46:11,654 INFO scan started  force=False
2026-06-02 12:46:13,213 INFO universe=0 symbols  regime=🔴 intraday bear — SPY below VWAP or EMA9<21  first-30m SPY: +0.08%
2026-06-02 12:46:13,213 INFO scan done  signals=0
2026-06-02 12:51:39,487 INFO scan started  force=False
2026-06-02 12:51:41,346 INFO universe=0 symbols  regime=🟢 intraday bull — SPY above VWAP + EMA9>21  first-30m SPY: +0.08%
2026-06-02 12:51:41,346 INFO scan done  signals=0
2026-06-02 12:56:59,863 INFO scan started  force=False
2026-06-02 12:57:01,608 INFO universe=0 symbols  regime=🟢 intraday bull — SPY above VWAP + EMA9>21  first-30m SPY: +0.08%
2026-06-02 12:57:01,608 INFO scan done  signals=0
2026-06-02 13:02:17,994 INFO scan started  force=False
2026-06-02 13:02:19,895 INFO universe=3 symbols  regime=🟢 intraday bull — SPY above VWAP + EMA9>21  first-30m SPY: +0.08%
2026-06-02 13:02:20,347 INFO scan done  signals=0
2026-06-02 13:07:39,026 INFO scan started  force=False
2026-06-02 13:07:40,588 INFO universe=2 symbols  regime=🟢 intraday bull — SPY above VWAP + EMA9>21  first-30m SPY: +0.08%
2026-06-02 13:07:40,996 INFO scan done  signals=0
2026-06-02 13:13:02,055 INFO scan started  force=False
2026-06-02 13:13:03,775 INFO universe=4 symbols  regime=🟢 intraday bull — SPY above VWAP + EMA9>21  first-30m SPY: +0.08%
2026-06-02 13:13:06,403 INFO signal  QCOM CALL  score=100  grade=S
2026-06-02 13:13:06,403 INFO ntfy → QCOM  grade=S  topic=aarav-scanner-9274
2026-06-02 13:13:06,544 INFO scan done  signals=1
2026-06-02 13:18:27,436 INFO scan started  force=False
2026-06-02 13:18:29,081 INFO universe=6 symbols  regime=🟢 intraday bull — SPY above VWAP + EMA9>21  first-30m SPY: +0.08%
2026-06-02 13:18:31,707 INFO scan done  signals=0
2026-06-02 13:23:45,587 INFO trade closed  SNOW PUT  status=lost  pnl=-2.15%
2026-06-02 13:23:45,587 INFO scan started  force=False
2026-06-02 13:23:49,217 INFO universe=1 symbols  regime=🟢 intraday bull — SPY above VWAP + EMA9>21  first-30m SPY: +0.08%
2026-06-02 13:23:49,589 INFO scan done  signals=0
2026-06-02 13:29:08,298 INFO trade closed  QCOM CALL  status=lost  pnl=-1.27%
2026-06-02 13:29:08,299 INFO scan started  force=False
2026-06-02 13:29:09,782 INFO universe=6 symbols  regime=🔴 intraday bear — SPY below VWAP or EMA9<21  first-30m SPY: +0.08%
2026-06-02 13:29:10,413 INFO scan done  signals=0
2026-06-02 13:34:29,507 INFO scan started  force=False
2026-06-02 13:34:31,046 INFO universe=3 symbols  regime=🔴 intraday bear — SPY below VWAP or EMA9<21  first-30m SPY: +0.08%
2026-06-02 13:34:31,496 INFO scan done  signals=0
2026-06-02 13:39:52,038 INFO scan started  force=False
2026-06-02 13:39:53,774 INFO universe=6 symbols  regime=🔴 intraday bear — SPY below VWAP or EMA9<21  first-30m SPY: +0.08%
2026-06-02 13:39:56,080 INFO scan done  signals=0
2026-06-02 13:45:17,540 INFO scan started  force=False
2026-06-02 13:45:19,177 INFO universe=17 symbols  regime=🔴 intraday bear — SPY below VWAP or EMA9<21  first-30m SPY: +0.08%
2026-06-02 13:45:21,267 INFO scan done  signals=0
2026-06-02 13:50:45,148 INFO scan started  force=False
2026-06-02 13:50:49,559 INFO universe=11 symbols  regime=🔴 intraday bear — SPY below VWAP or EMA9<21  first-30m SPY: +0.08%
2026-06-02 13:50:50,357 INFO scan done  signals=0
2026-06-02 13:56:14,808 INFO scan started  force=False
2026-06-02 13:56:16,570 INFO universe=0 symbols  regime=🔴 intraday bear — SPY below VWAP or EMA9<21  first-30m SPY: +0.08%
2026-06-02 13:56:16,571 INFO scan done  signals=0
2026-06-02 14:01:40,658 INFO scan started  force=False
2026-06-02 14:01:42,517 INFO universe=0 symbols  regime=🔴 intraday bear — SPY below VWAP or EMA9<21  first-30m SPY: +0.08%
2026-06-02 14:01:42,518 INFO scan done  signals=0
2026-06-02 14:07:09,213 INFO scan started  force=False
2026-06-02 14:07:10,876 INFO universe=1 symbols  regime=🔴 intraday bear — SPY below VWAP or EMA9<21  first-30m SPY: +0.08%
2026-06-02 14:07:11,227 INFO scan done  signals=0
2026-06-02 14:12:35,889 INFO scan started  force=False
2026-06-02 14:12:37,462 INFO universe=2 symbols  regime=🔴 intraday bear — SPY below VWAP or EMA9<21  first-30m SPY: +0.08%
2026-06-02 14:12:37,865 INFO scan done  signals=0
2026-06-02 14:18:02,138 INFO scan started  force=False
2026-06-02 14:18:03,570 INFO universe=0 symbols  regime=🔴 intraday bear — SPY below VWAP or EMA9<21  first-30m SPY: +0.08%
2026-06-02 14:18:03,571 INFO scan done  signals=0
2026-06-02 14:23:31,580 INFO scan started  force=False
2026-06-02 14:23:32,997 INFO universe=5 symbols  regime=🔴 intraday bear — SPY below VWAP or EMA9<21  first-30m SPY: +0.08%
2026-06-02 14:23:33,476 INFO scan done  signals=0
2026-06-02 14:28:59,815 INFO scan started  force=False
2026-06-02 14:29:01,537 INFO universe=9 symbols  regime=🔴 intraday bear — SPY below VWAP or EMA9<21  first-30m SPY: +0.08%
2026-06-02 14:29:02,993 INFO scan done  signals=0
2026-06-02 14:34:32,441 INFO scan started  force=False
2026-06-02 14:34:34,273 INFO universe=12 symbols  regime=🔴 intraday bear — SPY below VWAP or EMA9<21  first-30m SPY: +0.08%
2026-06-02 14:34:36,085 INFO scan done  signals=0
2026-06-02 14:40:02,087 INFO scan started  force=False
2026-06-02 14:40:03,564 INFO universe=17 symbols  regime=🔴 intraday bear — SPY below VWAP or EMA9<21  first-30m SPY: +0.08%
2026-06-02 14:40:05,373 INFO scan done  signals=0
2026-06-02 14:45:28,658 INFO scan started  force=False
2026-06-02 14:45:30,869 INFO universe=20 symbols  regime=🔴 intraday bear — SPY below VWAP or EMA9<21  first-30m SPY: +0.08%
2026-06-02 14:45:32,881 INFO scan done  signals=0
2026-06-02 14:50:58,687 INFO scan started  force=False
2026-06-02 14:51:00,222 INFO universe=12 symbols  regime=🔴 intraday bear — SPY below VWAP or EMA9<21  first-30m SPY: +0.08%
2026-06-02 14:51:00,994 INFO scan done  signals=0
2026-06-02 14:56:26,347 INFO scan started  force=False
2026-06-02 14:56:27,984 INFO universe=0 symbols  regime=🔴 intraday bear — SPY below VWAP or EMA9<21  first-30m SPY: +0.08%
2026-06-02 14:56:27,985 INFO scan done  signals=0
2026-06-02 15:01:57,072 INFO scan started  force=False
2026-06-02 15:01:58,901 INFO universe=1 symbols  regime=🔴 intraday bear — SPY below VWAP or EMA9<21  first-30m SPY: +0.08%
2026-06-02 15:01:59,311 INFO scan done  signals=0
2026-06-02 15:07:22,588 INFO scan started  force=False
2026-06-02 15:07:24,311 INFO universe=1 symbols  regime=🔴 intraday bear — SPY below VWAP or EMA9<21  first-30m SPY: +0.08%
2026-06-02 15:07:24,725 INFO scan done  signals=0
2026-06-02 15:12:48,196 INFO scan started  force=False
2026-06-02 15:12:50,111 INFO universe=3 symbols  regime=🟢 intraday bull — SPY above VWAP + EMA9>21  first-30m SPY: +0.08%
2026-06-02 15:12:50,499 INFO scan done  signals=0
2026-06-02 15:18:18,340 INFO scan started  force=False
2026-06-02 15:18:19,971 INFO universe=11 symbols  regime=🟢 intraday bull — SPY above VWAP + EMA9>21  first-30m SPY: +0.08%
2026-06-02 15:18:20,773 INFO scan done  signals=0
2026-06-02 15:23:46,369 INFO scan started  force=False
2026-06-02 15:23:48,127 INFO universe=11 symbols  regime=🟢 intraday bull — SPY above VWAP + EMA9>21  first-30m SPY: +0.08%
2026-06-02 15:23:48,899 INFO scan done  signals=0
2026-06-02 15:29:15,322 INFO scan started  force=False
2026-06-02 15:29:20,180 INFO universe=26 symbols  regime=🟢 intraday bull — SPY above VWAP + EMA9>21  first-30m SPY: +0.08%
2026-06-02 15:29:22,244 INFO scan done  signals=0
2026-06-02 15:34:47,022 INFO scan started  force=False
2026-06-02 15:34:48,680 INFO universe=34 symbols  regime=🟢 intraday bull — SPY above VWAP + EMA9>21  first-30m SPY: +0.08%
2026-06-02 15:34:48,686 INFO scan done  signals=0
2026-06-02 15:40:14,275 INFO scan started  force=False
2026-06-02 15:40:15,894 INFO universe=41 symbols  regime=🟢 intraday bull — SPY above VWAP + EMA9>21  first-30m SPY: +0.08%
2026-06-02 15:40:15,900 INFO scan done  signals=0
2026-06-02 15:45:45,155 INFO EOD swing sweep triggered from api.py
2026-06-02 15:45:45,155 INFO scan started  force=False
2026-06-02 15:45:47,477 INFO universe=44 symbols  regime=🟢 intraday bull — SPY above VWAP + EMA9>21  first-30m SPY: +0.08%
2026-06-02 15:45:47,479 INFO scan done  signals=0
2026-06-02 15:51:14,285 INFO scan started  force=False
2026-06-02 15:51:15,807 INFO universe=12 symbols  regime=🟢 intraday bull — SPY above VWAP + EMA9>21  first-30m SPY: +0.08%
2026-06-02 15:51:15,810 INFO scan done  signals=0
2026-06-02 15:56:45,815 INFO trade closed  NET CALL  status=closed  pnl=0.42%
2026-06-02 15:56:45,937 INFO trade closed  AMD CALL  status=closed  pnl=1.43%
2026-06-02 15:56:45,938 INFO scan started  force=False
2026-06-02 15:56:47,482 INFO universe=27 symbols  regime=🟢 intraday bull — SPY above VWAP + EMA9>21  first-30m SPY: +0.08%
2026-06-02 15:56:47,493 INFO scan done  signals=0
2026-06-03 11:42:24,158 INFO scan started  force=False

  Multi-Algo Signals API
  Algos: largecap | spx | smallcap
  App (React build): http://localhost:5000/
  Dev mode (Vite):   cd web && npm run dev  → http://localhost:3000

 * Serving Flask app 'api'
 * Debug mode: off
WARNING: This is a development server. Do not use it in a production deployment. Use a production WSGI server instead.
 * Running on http://127.0.0.1:5000
Press CTRL+C to quit
2026-06-03 11:42:26,009 INFO universe=3 symbols  regime=🔴 intraday bear — SPY below VWAP or EMA9<21  first-30m SPY: -0.29%
2026-06-03 11:42:26,457 INFO scan done  signals=0
2026-06-03 11:47:45,541 INFO scan started  force=False
2026-06-03 11:47:47,138 INFO universe=1 symbols  regime=🔴 intraday bear — SPY below VWAP or EMA9<21  first-30m SPY: -0.29%
2026-06-03 11:47:47,584 INFO scan done  signals=0
2026-06-03 11:53:09,472 INFO scan started  force=False
2026-06-03 11:53:11,204 INFO universe=2 symbols  regime=🔴 intraday bear — SPY below VWAP or EMA9<21  first-30m SPY: -0.29%
2026-06-03 11:53:11,634 INFO scan done  signals=0
2026-06-03 11:58:31,494 INFO scan started  force=False
2026-06-03 11:58:33,131 INFO universe=0 symbols  regime=🔴 intraday bear — SPY below VWAP or EMA9<21  first-30m SPY: -0.29%
2026-06-03 11:58:33,137 INFO scan done  signals=0
2026-06-03 12:03:58,306 INFO scan started  force=False
2026-06-03 12:03:59,904 INFO universe=1 symbols  regime=🔴 intraday bear — SPY below VWAP or EMA9<21  first-30m SPY: -0.29%
2026-06-03 12:04:00,434 INFO scan done  signals=0
2026-06-03 12:09:26,197 INFO scan started  force=False
2026-06-03 12:09:27,720 INFO universe=3 symbols  regime=🔴 intraday bear — SPY below VWAP or EMA9<21  first-30m SPY: -0.29%
2026-06-03 12:09:31,368 INFO signal  DDOG PUT  score=100  grade=S
2026-06-03 12:09:31,368 INFO ntfy → DDOG  grade=S  topic=aarav-scanner-9274
2026-06-03 12:09:31,554 INFO scan done  signals=1
2026-06-03 12:15:00,845 INFO scan started  force=False
2026-06-03 12:15:02,603 INFO universe=12 symbols  regime=🔴 intraday bear — SPY below VWAP or EMA9<21  first-30m SPY: -0.29%
2026-06-03 12:15:04,868 INFO scan done  signals=0
2026-06-03 12:20:31,117 INFO scan started  force=False
2026-06-03 12:20:32,648 INFO universe=18 symbols  regime=🔴 intraday bear — SPY below VWAP or EMA9<21  first-30m SPY: -0.29%
2026-06-03 12:20:34,927 INFO scan done  signals=0
2026-06-03 12:26:02,704 INFO scan started  force=False
2026-06-03 12:26:04,321 INFO universe=2 symbols  regime=🔴 intraday bear — SPY below VWAP or EMA9<21  first-30m SPY: -0.29%
2026-06-03 12:26:04,763 INFO scan done  signals=0
2026-06-03 12:31:34,795 INFO trade closed  DDOG PUT  status=lost  pnl=-1.03%
2026-06-03 12:31:34,802 INFO scan started  force=False
2026-06-03 12:31:36,270 INFO universe=1 symbols  regime=🔴 intraday bear — SPY below VWAP or EMA9<21  first-30m SPY: -0.29%
2026-06-03 12:31:36,722 INFO scan done  signals=0
2026-06-03 12:37:05,173 INFO scan started  force=False
2026-06-03 12:37:07,016 INFO universe=1 symbols  regime=🔴 intraday bear — SPY below VWAP or EMA9<21  first-30m SPY: -0.29%
2026-06-03 12:37:07,351 INFO scan done  signals=0
2026-06-03 12:42:38,415 INFO scan started  force=False
2026-06-03 12:42:39,870 INFO universe=1 symbols  regime=🔴 intraday bear — SPY below VWAP or EMA9<21  first-30m SPY: -0.29%
2026-06-03 12:42:40,281 INFO scan done  signals=0
2026-06-03 12:48:08,876 INFO scan started  force=False
2026-06-03 12:48:10,518 INFO universe=4 symbols  regime=🔴 intraday bear — SPY below VWAP or EMA9<21  first-30m SPY: -0.29%
2026-06-03 12:48:13,039 INFO signal  SMCI PUT  score=97  grade=S
2026-06-03 12:48:13,039 INFO ntfy → SMCI  grade=S  topic=aarav-scanner-9274
2026-06-03 12:48:13,160 INFO scan done  signals=1
2026-06-03 12:53:42,364 INFO scan started  force=False
2026-06-03 12:53:43,899 INFO universe=5 symbols  regime=🔴 intraday bear — SPY below VWAP or EMA9<21  first-30m SPY: -0.29%
2026-06-03 12:53:44,372 INFO scan done  signals=0
2026-06-03 12:59:13,809 INFO scan started  force=False
2026-06-03 12:59:15,414 INFO universe=10 symbols  regime=🔴 intraday bear — SPY below VWAP or EMA9<21  first-30m SPY: -0.29%
2026-06-03 12:59:17,834 INFO scan done  signals=0
2026-06-03 13:04:44,267 INFO scan started  force=False
2026-06-03 13:04:45,800 INFO universe=8 symbols  regime=🔴 intraday bear — SPY below VWAP or EMA9<21  first-30m SPY: -0.29%
2026-06-03 13:04:47,979 INFO scan done  signals=0
2026-06-03 13:10:18,241 INFO scan started  force=False
2026-06-03 13:10:19,754 INFO universe=14 symbols  regime=🔴 intraday bear — SPY below VWAP or EMA9<21  first-30m SPY: -0.29%
2026-06-03 13:10:22,601 INFO scan done  signals=0
2026-06-03 13:15:51,400 INFO scan started  force=False
2026-06-03 13:15:53,119 INFO universe=7 symbols  regime=🔴 intraday bear — SPY below VWAP or EMA9<21  first-30m SPY: -0.29%
2026-06-03 13:15:53,609 INFO scan done  signals=0
2026-06-03 13:21:19,465 INFO scan started  force=False
2026-06-03 13:21:20,906 INFO universe=1 symbols  regime=🔴 intraday bear — SPY below VWAP or EMA9<21  first-30m SPY: -0.29%
2026-06-03 13:21:21,278 INFO scan done  signals=0
2026-06-03 13:26:51,918 INFO scan started  force=False
2026-06-03 13:26:53,586 INFO universe=3 symbols  regime=🔴 intraday bear — SPY below VWAP or EMA9<21  first-30m SPY: -0.29%
2026-06-03 13:26:54,113 INFO scan done  signals=0
2026-06-03 13:32:21,223 INFO scan started  force=False
2026-06-03 13:32:22,687 INFO universe=2 symbols  regime=🔴 intraday bear — SPY below VWAP or EMA9<21  first-30m SPY: -0.29%
2026-06-03 13:32:23,149 INFO scan done  signals=0
2026-06-03 13:37:51,358 INFO scan started  force=False
2026-06-03 13:37:56,110 INFO universe=0 symbols  regime=🔴 intraday bear — SPY below VWAP or EMA9<21  first-30m SPY: -0.29%
2026-06-03 13:37:56,111 INFO scan done  signals=0

  Multi-Algo Signals API
  Algos: largecap | spx | smallcap
  App (React build): http://localhost:5000/
  Dev mode (Vite):   cd web && npm run dev  → http://localhost:3000

 * Serving Flask app 'api'
 * Debug mode: off
WARNING: This is a development server. Do not use it in a production deployment. Use a production WSGI server instead.
 * Running on http://127.0.0.1:5000
Press CTRL+C to quit
2026-06-04 09:30:58,388 INFO scan started  force=False

  Multi-Algo Signals API
  Algos: largecap | spx | smallcap
  App (React build): http://localhost:5000/
  Dev mode (Vite):   cd web && npm run dev  → http://localhost:3000

 * Serving Flask app 'api'
 * Debug mode: off
WARNING: This is a development server. Do not use it in a production deployment. Use a production WSGI server instead.
 * Running on http://127.0.0.1:5000
Press CTRL+C to quit
2026-06-04 09:31:00,198 INFO universe=0 symbols  regime=🔴 intraday bear — SPY below VWAP or EMA9<21  first-30m SPY: -0.29%
2026-06-04 09:31:00,199 INFO scan done  signals=0
2026-06-04 09:36:17,497 INFO scan started  force=False
2026-06-04 09:36:22,143 INFO universe=0 symbols  regime=🔴 intraday bear — SPY below VWAP or EMA9<21
2026-06-04 09:36:22,144 INFO scan done  signals=0
2026-06-04 09:41:45,106 INFO scan started  force=False
2026-06-04 09:41:46,927 INFO universe=0 symbols  regime=🔴 intraday bear — SPY below VWAP or EMA9<21
2026-06-04 09:41:46,933 INFO scan done  signals=0
2026-06-04 09:47:09,209 INFO scan started  force=False
2026-06-04 09:47:10,936 INFO universe=0 symbols  regime=🔴 intraday bear — SPY below VWAP or EMA9<21
2026-06-04 09:47:10,937 INFO scan done  signals=0
2026-06-04 09:52:34,360 INFO scan started  force=False
2026-06-04 09:52:36,397 INFO universe=0 symbols  regime=🔴 intraday bear — SPY below VWAP or EMA9<21
2026-06-04 09:52:36,398 INFO scan done  signals=0
2026-06-04 09:57:59,643 INFO scan started  force=False
2026-06-04 09:58:01,359 INFO universe=2 symbols  regime=🔴 intraday bear — SPY below VWAP or EMA9<21  first-30m SPY: +0.17%
2026-06-04 09:58:02,002 INFO scan done  signals=0
2026-06-04 10:03:25,921 INFO scan started  force=False
2026-06-04 10:03:28,098 INFO universe=5 symbols  regime=🔴 intraday bear — SPY below VWAP or EMA9<21  first-30m SPY: +0.15%
2026-06-04 10:03:30,350 INFO scan done  signals=0
2026-06-04 10:08:54,122 INFO scan started  force=False
2026-06-04 10:08:55,607 INFO universe=7 symbols  regime=🔴 intraday bear — SPY below VWAP or EMA9<21  first-30m SPY: +0.15%
2026-06-04 10:08:59,071 INFO signal  KLAC PUT  score=98  grade=S
2026-06-04 10:08:59,071 INFO ntfy → KLAC  grade=S  topic=aarav-scanner-9274
2026-06-04 10:09:00,457 INFO scan done  signals=1
2026-06-04 10:14:23,096 INFO scan started  force=False
2026-06-04 10:14:24,646 INFO universe=16 symbols  regime=🔴 intraday bear — SPY below VWAP or EMA9<21  first-30m SPY: +0.15%
2026-06-04 10:14:27,866 INFO scan done  signals=0
2026-06-04 10:19:51,891 INFO scan started  force=False
2026-06-04 10:19:54,707 INFO universe=13 symbols  regime=🔴 intraday bear — SPY below VWAP or EMA9<21  first-30m SPY: +0.15%
2026-06-04 10:19:57,357 INFO scan done  signals=0
2026-06-04 10:25:24,412 INFO trade closed  KLAC PUT  status=lost  pnl=-1.26%
2026-06-04 10:25:24,412 INFO scan started  force=False
2026-06-04 10:25:26,154 INFO universe=16 symbols  regime=🔴 intraday bear — SPY below VWAP or EMA9<21  first-30m SPY: +0.15%
2026-06-04 10:25:28,804 INFO scan done  signals=0
2026-06-04 10:30:53,054 INFO scan started  force=False
2026-06-04 10:30:55,481 INFO universe=11 symbols  regime=🔴 intraday bear — SPY below VWAP or EMA9<21  first-30m SPY: +0.15%
2026-06-04 10:30:58,514 INFO scan done  signals=0
2026-06-04 10:36:25,471 INFO scan started  force=False
2026-06-04 10:36:27,690 INFO universe=0 symbols  regime=🔴 intraday bear — SPY below VWAP or EMA9<21  first-30m SPY: +0.15%
2026-06-04 10:36:27,691 INFO scan done  signals=0
2026-06-04 10:41:47,792 INFO scan started  force=False
2026-06-04 10:41:49,571 INFO universe=1 symbols  regime=🔴 intraday bear — SPY below VWAP or EMA9<21  first-30m SPY: +0.15%
2026-06-04 10:41:51,629 INFO scan done  signals=0
2026-06-04 10:47:14,569 INFO scan started  force=False
2026-06-04 10:47:16,370 INFO universe=0 symbols  regime=🔴 intraday bear — SPY below VWAP or EMA9<21  first-30m SPY: +0.15%
2026-06-04 10:47:16,371 INFO scan done  signals=0
2026-06-04 10:52:39,142 INFO scan started  force=False
2026-06-04 10:52:40,958 INFO universe=1 symbols  regime=🔴 intraday bear — SPY below VWAP or EMA9<21  first-30m SPY: +0.15%
2026-06-04 10:52:41,385 INFO scan done  signals=0
2026-06-04 10:58:05,270 INFO scan started  force=False
2026-06-04 10:58:06,841 INFO universe=2 symbols  regime=🔴 intraday bear — SPY below VWAP or EMA9<21  first-30m SPY: +0.15%
2026-06-04 10:58:07,153 INFO scan done  signals=0
2026-06-04 11:03:31,525 INFO scan started  force=False
2026-06-04 11:03:35,896 INFO universe=3 symbols  regime=🔴 intraday bear — SPY below VWAP or EMA9<21  first-30m SPY: +0.15%
2026-06-04 11:03:36,326 INFO scan done  signals=0
2026-06-04 11:09:01,472 INFO scan started  force=False
2026-06-04 11:09:03,182 INFO universe=3 symbols  regime=🔴 intraday bear — SPY below VWAP or EMA9<21  first-30m SPY: +0.15%
2026-06-04 11:09:03,655 INFO scan done  signals=0
2026-06-04 11:14:27,703 INFO scan started  force=False
2026-06-04 11:14:29,101 INFO universe=9 symbols  regime=🔴 intraday bear — SPY below VWAP or EMA9<21  first-30m SPY: +0.15%
2026-06-04 11:14:31,691 INFO scan done  signals=0
2026-06-04 11:19:57,411 INFO scan started  force=False
2026-06-04 11:19:58,947 INFO universe=8 symbols  regime=🔴 intraday bear — SPY below VWAP or EMA9<21  first-30m SPY: +0.15%
2026-06-04 11:20:01,135 INFO scan done  signals=0
2026-06-04 11:25:24,680 INFO scan started  force=False
2026-06-04 11:25:26,331 INFO universe=19 symbols  regime=🔴 intraday bear — SPY below VWAP or EMA9<21  first-30m SPY: +0.15%
2026-06-04 11:25:28,865 INFO signal  PANW PUT  score=100  grade=S
2026-06-04 11:25:28,865 INFO ntfy → PANW  grade=S  topic=aarav-scanner-9274
2026-06-04 11:25:30,015 INFO scan done  signals=1
2026-06-04 11:30:58,529 INFO scan started  force=False
2026-06-04 11:31:00,381 INFO universe=7 symbols  regime=🔴 intraday bear — SPY below VWAP or EMA9<21  first-30m SPY: +0.15%
2026-06-04 11:31:02,497 INFO scan done  signals=0
2026-06-04 11:36:31,921 INFO scan started  force=False
2026-06-04 11:36:36,541 INFO universe=0 symbols  regime=🔴 intraday bear — SPY below VWAP or EMA9<21  first-30m SPY: +0.15%
2026-06-04 11:36:36,542 INFO scan done  signals=0
2026-06-04 11:42:01,918 INFO scan started  force=False
2026-06-04 11:42:03,669 INFO universe=0 symbols  regime=🔴 intraday bear — SPY below VWAP or EMA9<21  first-30m SPY: +0.15%
2026-06-04 11:42:03,670 INFO scan done  signals=0
2026-06-04 11:47:26,276 INFO scan started  force=False
2026-06-04 11:47:28,235 INFO universe=2 symbols  regime=🔴 intraday bear — SPY below VWAP or EMA9<21  first-30m SPY: +0.15%
2026-06-04 11:47:30,549 INFO scan done  signals=0
2026-06-04 11:52:55,799 INFO scan started  force=False
2026-06-04 11:52:57,609 INFO universe=0 symbols  regime=🔴 intraday bear — SPY below VWAP or EMA9<21  first-30m SPY: +0.15%
2026-06-04 11:52:57,609 INFO scan done  signals=0
2026-06-04 11:58:22,798 INFO scan started  force=False
2026-06-04 11:58:27,345 INFO universe=0 symbols  regime=🔴 intraday bear — SPY below VWAP or EMA9<21  first-30m SPY: +0.15%
2026-06-04 11:58:27,346 INFO scan done  signals=0
2026-06-04 12:03:46,785 INFO scan started  force=False
2026-06-04 12:03:48,652 INFO universe=6 symbols  regime=🔴 intraday bear — SPY below VWAP or EMA9<21  first-30m SPY: +0.15%
2026-06-04 12:03:49,217 INFO scan done  signals=0
2026-06-04 12:09:12,853 INFO scan started  force=False
2026-06-04 12:09:14,520 INFO universe=6 symbols  regime=🔴 intraday bear — SPY below VWAP or EMA9<21  first-30m SPY: +0.15%
2026-06-04 12:09:16,874 INFO scan done  signals=0
2026-06-04 12:14:43,486 INFO scan started  force=False
2026-06-04 12:14:45,090 INFO universe=5 symbols  regime=🔴 intraday bear — SPY below VWAP or EMA9<21  first-30m SPY: +0.15%
2026-06-04 12:14:45,556 INFO scan done  signals=0
2026-06-04 12:20:08,360 INFO scan started  force=False
2026-06-04 12:20:10,612 INFO universe=17 symbols  regime=🔴 intraday bear — SPY below VWAP or EMA9<21  first-30m SPY: +0.15%
2026-06-04 12:20:13,329 INFO scan done  signals=0
2026-06-04 12:25:35,727 INFO scan started  force=False
2026-06-04 12:25:37,316 INFO universe=16 symbols  regime=🟢 intraday bull — SPY above VWAP + EMA9>21  first-30m SPY: +0.15%
2026-06-04 12:25:39,659 INFO signal  NET CALL  score=100  grade=S
2026-06-04 12:25:39,660 INFO ntfy → NET  grade=S  topic=aarav-scanner-9274
2026-06-04 12:25:40,019 INFO scan done  signals=1
2026-06-04 12:31:06,287 INFO scan started  force=False
2026-06-04 12:31:07,857 INFO universe=1 symbols  regime=🔴 intraday bear — SPY below VWAP or EMA9<21  first-30m SPY: +0.15%
2026-06-04 12:31:09,266 INFO scan done  signals=0
2026-06-04 12:36:34,884 INFO scan started  force=False
2026-06-04 12:36:36,348 INFO universe=0 symbols  regime=🔴 intraday bear — SPY below VWAP or EMA9<21  first-30m SPY: +0.15%
2026-06-04 12:36:36,348 INFO scan done  signals=0
2026-06-04 12:42:03,585 INFO scan started  force=False
2026-06-04 12:42:05,074 INFO universe=0 symbols  regime=🟢 intraday bull — SPY above VWAP + EMA9>21  first-30m SPY: +0.15%
2026-06-04 12:42:05,075 INFO scan done  signals=0
2026-06-04 12:47:32,275 INFO scan started  force=False
2026-06-04 12:47:33,941 INFO universe=2 symbols  regime=🟢 intraday bull — SPY above VWAP + EMA9>21  first-30m SPY: +0.15%
2026-06-04 12:47:34,326 INFO scan done  signals=0
2026-06-04 12:52:57,928 INFO scan started  force=False
2026-06-04 12:52:59,521 INFO universe=3 symbols  regime=🟢 intraday bull — SPY above VWAP + EMA9>21  first-30m SPY: +0.15%
2026-06-04 12:52:59,920 INFO scan done  signals=0
2026-06-04 12:58:22,595 INFO scan started  force=False
2026-06-04 12:58:26,766 INFO universe=3 symbols  regime=🟢 intraday bull — SPY above VWAP + EMA9>21  first-30m SPY: +0.15%
2026-06-04 12:58:27,156 INFO scan done  signals=0
2026-06-04 13:03:51,081 INFO scan started  force=False
2026-06-04 13:03:52,981 INFO universe=2 symbols  regime=🟢 intraday bull — SPY above VWAP + EMA9>21  first-30m SPY: +0.15%
2026-06-04 13:03:53,716 INFO scan done  signals=0
2026-06-04 13:09:16,474 INFO scan started  force=False
2026-06-04 13:09:17,926 INFO universe=10 symbols  regime=🟢 intraday bull — SPY above VWAP + EMA9>21  first-30m SPY: +0.15%
2026-06-04 13:09:18,999 INFO scan done  signals=0
2026-06-04 13:14:41,575 INFO scan started  force=False
2026-06-04 13:14:43,065 INFO universe=9 symbols  regime=🟢 intraday bull — SPY above VWAP + EMA9>21  first-30m SPY: +0.15%
2026-06-04 13:14:43,814 INFO scan done  signals=0
2026-06-04 13:20:06,801 INFO scan started  force=False
2026-06-04 13:20:08,411 INFO universe=13 symbols  regime=🟢 intraday bull — SPY above VWAP + EMA9>21  first-30m SPY: +0.15%
2026-06-04 13:20:09,203 INFO scan done  signals=0
2026-06-04 13:25:33,432 INFO scan started  force=False
2026-06-04 13:25:35,033 INFO universe=14 symbols  regime=🟢 intraday bull — SPY above VWAP + EMA9>21  first-30m SPY: +0.15%
2026-06-04 13:25:40,044 INFO signal  AVGO CALL  score=100  grade=S
2026-06-04 13:25:40,044 INFO ntfy → AVGO  grade=S  topic=aarav-scanner-9274
2026-06-04 13:25:41,440 INFO signal  CRWD CALL  score=100  grade=S
2026-06-04 13:25:41,441 INFO ntfy → CRWD  grade=S  topic=aarav-scanner-9274
2026-06-04 13:25:41,571 INFO scan done  signals=2
2026-06-04 13:31:06,136 INFO scan started  force=False
2026-06-04 13:31:07,684 INFO universe=3 symbols  regime=🟢 intraday bull — SPY above VWAP + EMA9>21  first-30m SPY: +0.15%
2026-06-04 13:31:08,159 INFO scan done  signals=0
2026-06-04 13:36:33,804 INFO scan started  force=False
2026-06-04 13:36:35,235 INFO universe=2 symbols  regime=🟢 intraday bull — SPY above VWAP + EMA9>21  first-30m SPY: +0.15%
2026-06-04 13:36:35,650 INFO scan done  signals=0
2026-06-04 13:42:03,657 INFO scan started  force=False
2026-06-04 13:42:05,336 INFO universe=1 symbols  regime=🟢 intraday bull — SPY above VWAP + EMA9>21  first-30m SPY: +0.15%
2026-06-04 13:42:05,788 INFO scan done  signals=0
2026-06-04 13:47:28,969 INFO scan started  force=False
2026-06-04 13:47:30,490 INFO universe=0 symbols  regime=🟢 intraday bull — SPY above VWAP + EMA9>21  first-30m SPY: +0.15%
2026-06-04 13:47:30,490 INFO scan done  signals=0
2026-06-04 13:52:52,014 INFO scan started  force=False
2026-06-04 13:52:53,558 INFO universe=0 symbols  regime=🟢 intraday bull — SPY above VWAP + EMA9>21  first-30m SPY: +0.15%
2026-06-04 13:52:53,559 INFO scan done  signals=0
2026-06-04 13:58:17,713 INFO scan started  force=False
2026-06-04 13:58:19,189 INFO universe=3 symbols  regime=🟢 intraday bull — SPY above VWAP + EMA9>21  first-30m SPY: +0.15%
2026-06-04 13:58:19,716 INFO scan done  signals=0
2026-06-04 14:03:48,516 INFO trade closed  PANW PUT  status=lost  pnl=-1.31%
2026-06-04 14:03:48,516 INFO scan started  force=False
2026-06-04 14:03:50,243 INFO universe=10 symbols  regime=🟢 intraday bull — SPY above VWAP + EMA9>21  first-30m SPY: +0.15%
2026-06-04 14:03:50,941 INFO scan done  signals=0
2026-06-04 14:09:16,115 INFO scan started  force=False
2026-06-04 14:09:18,339 INFO universe=12 symbols  regime=🟢 intraday bull — SPY above VWAP + EMA9>21  first-30m SPY: +0.15%
2026-06-04 14:09:19,218 INFO scan done  signals=0
2026-06-04 14:14:42,097 INFO scan started  force=False
2026-06-04 14:14:43,911 INFO universe=7 symbols  regime=🟢 intraday bull — SPY above VWAP + EMA9>21  first-30m SPY: +0.15%
2026-06-04 14:14:44,580 INFO scan done  signals=0
2026-06-04 14:20:08,262 INFO scan started  force=False
2026-06-04 14:20:12,501 INFO universe=18 symbols  regime=🟢 intraday bull — SPY above VWAP + EMA9>21  first-30m SPY: +0.15%
2026-06-04 14:20:15,269 INFO scan done  signals=0
2026-06-04 14:25:37,532 INFO scan started  force=False
2026-06-04 14:25:41,815 INFO universe=14 symbols  regime=🟢 intraday bull — SPY above VWAP + EMA9>21  first-30m SPY: +0.15%
2026-06-04 14:25:44,454 INFO scan done  signals=0
2026-06-04 14:31:14,694 INFO scan started  force=False
2026-06-04 14:31:16,408 INFO universe=0 symbols  regime=🟢 intraday bull — SPY above VWAP + EMA9>21  first-30m SPY: +0.15%
2026-06-04 14:31:16,409 INFO scan done  signals=0
2026-06-04 14:36:48,019 INFO scan started  force=False
2026-06-04 14:36:49,710 INFO universe=0 symbols  regime=🟢 intraday bull — SPY above VWAP + EMA9>21  first-30m SPY: +0.15%
2026-06-04 14:36:49,711 INFO scan done  signals=0
2026-06-04 14:42:22,498 INFO scan started  force=False
2026-06-04 14:42:24,284 INFO universe=1 symbols  regime=🟢 intraday bull — SPY above VWAP + EMA9>21  first-30m SPY: +0.15%
2026-06-04 14:42:24,658 INFO scan done  signals=0
2026-06-04 14:47:55,485 INFO scan started  force=False
2026-06-04 14:47:57,489 INFO universe=2 symbols  regime=🟢 intraday bull — SPY above VWAP + EMA9>21  first-30m SPY: +0.15%
2026-06-04 14:47:58,045 INFO scan done  signals=0
2026-06-04 14:53:27,688 INFO scan started  force=False
2026-06-04 14:53:29,621 INFO universe=7 symbols  regime=🟢 intraday bull — SPY above VWAP + EMA9>21  first-30m SPY: +0.15%
2026-06-04 14:53:30,142 INFO scan done  signals=0

  Multi-Algo Signals API
  Algos: largecap | spx | smallcap
  App (React build): http://localhost:5000/
  Dev mode (Vite):   cd web && npm run dev  → http://localhost:3000

 * Serving Flask app 'api'
 * Debug mode: off
WARNING: This is a development server. Do not use it in a production deployment. Use a production WSGI server instead.
 * Running on http://127.0.0.1:5000
Press CTRL+C to quit
2026-06-05 10:59:25,067 INFO scan started  force=False

  Multi-Algo Signals API
  Algos: largecap | spx | smallcap
  App (React build): http://localhost:5000/
  Dev mode (Vite):   cd web && npm run dev  → http://localhost:3000

 * Serving Flask app 'api'
 * Debug mode: off
WARNING: This is a development server. Do not use it in a production deployment. Use a production WSGI server instead.
 * Running on http://127.0.0.1:5000
Press CTRL+C to quit
2026-06-05 10:59:27,748 INFO universe=7 symbols  regime=🔴 intraday bear — SPY below VWAP or EMA9<21  first-30m SPY: -0.48%
2026-06-05 10:59:28,939 INFO scan done  signals=0

  Multi-Algo Signals API
  Algos: largecap | spx | smallcap
  App (React build): http://localhost:5000/
  Dev mode (Vite):   cd web && npm run dev  → http://localhost:3000

 * Serving Flask app 'api'
 * Debug mode: off
WARNING: This is a development server. Do not use it in a production deployment. Use a production WSGI server instead.
 * Running on http://127.0.0.1:5000
Press CTRL+C to quit

  Multi-Algo Signals API
  Algos: largecap | spx | smallcap
  App (React build): http://localhost:5000/
  Dev mode (Vite):   cd web && npm run dev  → http://localhost:3000

 * Serving Flask app 'api'
 * Debug mode: off
WARNING: This is a development server. Do not use it in a production deployment. Use a production WSGI server instead.
 * Running on http://127.0.0.1:5000
Press CTRL+C to quit
2026-06-08 11:14:07,072 INFO scan started  force=False

  Multi-Algo Signals API
  Algos: largecap | spx | smallcap
  App (React build): http://localhost:5000/
  Dev mode (Vite):   cd web && npm run dev  → http://localhost:3000

 * Serving Flask app 'api'
 * Debug mode: off
WARNING: This is a development server. Do not use it in a production deployment. Use a production WSGI server instead.
 * Running on http://127.0.0.1:5000
Press CTRL+C to quit
2026-06-08 11:14:09,005 INFO universe=2 symbols  regime=🔴 intraday bear — SPY below VWAP or EMA9<21  first-30m SPY: -0.34%
2026-06-08 11:14:11,224 INFO scan done  signals=0
2026-06-09 10:57:17,931 INFO scan started  force=False

  Multi-Algo Signals API
  Algos: largecap | spx | smallcap
  App (React build): http://localhost:5000/
  Dev mode (Vite):   cd web && npm run dev  → http://localhost:3000

 * Serving Flask app 'api'
 * Debug mode: off
WARNING: This is a development server. Do not use it in a production deployment. Use a production WSGI server instead.
 * Running on http://127.0.0.1:5000
Press CTRL+C to quit
2026-06-09 10:57:20,083 INFO universe=1 symbols  regime=🔴 intraday bear — SPY below VWAP or EMA9<21  first-30m SPY: +0.10%
2026-06-09 10:57:20,400 INFO scan done  signals=0
2026-06-09 11:02:20,056 INFO scan started  force=False
2026-06-09 11:02:21,995 INFO universe=2 symbols  regime=🔴 intraday bear — SPY below VWAP or EMA9<21  first-30m SPY: +0.10%
2026-06-09 11:02:22,474 INFO scan done  signals=0
2026-06-09 11:07:22,584 INFO scan started  force=False
2026-06-09 11:07:24,362 INFO universe=1 symbols  regime=🔴 intraday bear — SPY below VWAP or EMA9<21  first-30m SPY: +0.10%
2026-06-09 11:07:24,745 INFO scan done  signals=0
2026-06-09 11:12:24,014 INFO scan started  force=False
2026-06-09 11:12:25,947 INFO universe=1 symbols  regime=🔴 intraday bear — SPY below VWAP or EMA9<21  first-30m SPY: +0.10%
2026-06-09 11:12:28,318 INFO scan done  signals=0
2026-06-10 09:30:05,360 INFO scan started  force=False
2026-06-10 09:30:07,583 INFO universe=0 symbols  regime=🔴 intraday bear — SPY below VWAP or EMA9<21  first-30m SPY: +0.10%
2026-06-10 09:30:07,584 INFO scan done  signals=0
2026-06-10 09:35:07,638 INFO scan started  force=False
2026-06-10 09:35:10,070 INFO universe=0 symbols  regime=🔴 intraday bear — SPY below VWAP or EMA9<21
2026-06-10 09:35:10,070 INFO scan done  signals=0
2026-06-10 09:40:10,171 INFO scan started  force=False
2026-06-10 09:40:12,050 INFO universe=0 symbols  regime=🔴 intraday bear — SPY below VWAP or EMA9<21
2026-06-10 09:40:12,057 INFO scan done  signals=0
2026-06-10 09:51:44,917 INFO scan started  force=False
2026-06-10 09:51:46,838 INFO universe=0 symbols  regime=🔴 intraday bear — SPY below VWAP or EMA9<21
2026-06-10 09:51:46,839 INFO scan done  signals=0
2026-06-10 09:51:50,036 INFO scan started  force=True
2026-06-10 09:51:50,151 INFO universe=0 symbols  regime=🔴 intraday bear — SPY below VWAP or EMA9<21
2026-06-10 09:51:50,151 INFO scan done  signals=0
2026-06-10 09:56:46,938 INFO scan started  force=False
2026-06-10 09:56:48,955 INFO universe=0 symbols  regime=🔴 intraday bear — SPY below VWAP or EMA9<21  first-30m SPY: +0.34%
2026-06-10 09:56:48,955 INFO scan done  signals=0
2026-06-10 10:01:49,056 INFO scan started  force=False
2026-06-10 10:01:51,291 INFO universe=0 symbols  regime=🔴 intraday bear — SPY below VWAP or EMA9<21  first-30m SPY: +0.32%
2026-06-10 10:01:51,291 INFO scan done  signals=0
2026-06-10 14:43:42,015 INFO scan started  force=True
2026-06-10 14:43:43,917 INFO universe=3 symbols  regime=🔴 intraday bear — SPY below VWAP or EMA9<21  first-30m SPY: +0.32%
2026-06-10 14:43:46,230 INFO scan done  signals=0
2026-06-10 14:46:30,481 INFO scan started  force=False
2026-06-10 14:46:33,054 INFO universe=3 symbols  regime=🔴 intraday bear — SPY below VWAP or EMA9<21  first-30m SPY: +0.32%
2026-06-10 14:46:33,446 INFO scan done  signals=0
2026-06-10 14:51:33,521 INFO scan started  force=False
2026-06-10 14:51:35,910 INFO universe=1 symbols  regime=🔴 intraday bear — SPY below VWAP or EMA9<21  first-30m SPY: +0.32%
2026-06-10 14:51:35,911 INFO scan done  signals=0
2026-06-10 14:56:36,330 INFO scan started  force=False
2026-06-10 14:56:39,218 INFO universe=1 symbols  regime=🔴 intraday bear — SPY below VWAP or EMA9<21  first-30m SPY: +0.32%
2026-06-10 14:56:39,751 INFO scan done  signals=0
2026-06-10 15:01:42,300 INFO scan started  force=False
2026-06-10 15:01:44,376 INFO universe=0 symbols  regime=🔴 intraday bear — SPY below VWAP or EMA9<21  first-30m SPY: +0.32%
2026-06-10 15:01:44,382 INFO scan done  signals=0
2026-06-10 15:06:44,454 INFO scan started  force=False
2026-06-10 15:06:46,099 INFO universe=0 symbols  regime=🔴 intraday bear — SPY below VWAP or EMA9<21  first-30m SPY: +0.32%
2026-06-10 15:06:46,099 INFO scan done  signals=0
2026-06-10 15:11:47,110 INFO scan started  force=False
2026-06-10 15:11:48,768 INFO universe=0 symbols  regime=🔴 intraday bear — SPY below VWAP or EMA9<21  first-30m SPY: +0.32%
2026-06-10 15:11:48,768 INFO scan done  signals=0
2026-06-10 15:16:53,709 INFO scan started  force=False
2026-06-10 15:16:55,252 INFO universe=1 symbols  regime=🔴 intraday bear — SPY below VWAP or EMA9<21  first-30m SPY: +0.32%
2026-06-10 15:16:55,711 INFO scan done  signals=0
2026-06-10 15:22:00,182 INFO scan started  force=False
2026-06-10 15:22:02,039 INFO universe=4 symbols  regime=🔴 intraday bear — SPY below VWAP or EMA9<21  first-30m SPY: +0.32%
2026-06-10 15:22:04,087 INFO scan done  signals=0
2026-06-10 15:27:09,309 INFO scan started  force=False
2026-06-10 15:27:11,180 INFO universe=10 symbols  regime=🔴 intraday bear — SPY below VWAP or EMA9<21  first-30m SPY: +0.32%
2026-06-10 15:27:13,542 INFO scan done  signals=0
2026-06-10 15:32:18,780 INFO scan started  force=False
2026-06-10 15:32:20,830 INFO universe=13 symbols  regime=🔴 intraday bear — SPY below VWAP or EMA9<21  first-30m SPY: +0.32%
2026-06-10 15:32:20,832 INFO scan done  signals=0
2026-06-10 15:37:26,338 INFO scan started  force=False
2026-06-10 15:37:27,973 INFO universe=9 symbols  regime=🔴 intraday bear — SPY below VWAP or EMA9<21  first-30m SPY: +0.32%
2026-06-10 15:37:27,974 INFO scan done  signals=0
2026-06-10 15:43:34,961 INFO scan started  force=False

  Multi-Algo Signals API
  Algos: largecap | spx | smallcap
  App (React build): http://localhost:5000/
  Dev mode (Vite):   cd web && npm run dev  → http://localhost:3000

 * Serving Flask app 'api'
 * Debug mode: off
WARNING: This is a development server. Do not use it in a production deployment. Use a production WSGI server instead.
 * Running on http://127.0.0.1:5000
Press CTRL+C to quit
2026-06-10 15:43:36,976 INFO universe=37 symbols  regime=🔴 intraday bear — SPY below VWAP or EMA9<21  first-30m SPY: +0.32%
2026-06-10 15:43:36,979 INFO scan done  signals=0
2026-06-11 15:40:41,631 INFO scan started  force=False

  Multi-Algo Signals API
  Algos: largecap | spx | smallcap
  App (React build): http://localhost:5000/
  Dev mode (Vite):   cd web && npm run dev  → http://localhost:3000

 * Serving Flask app 'api'
 * Debug mode: off
WARNING: This is a development server. Do not use it in a production deployment. Use a production WSGI server instead.
 * Running on http://127.0.0.1:5000
Press CTRL+C to quit
2026-06-11 15:40:43,553 INFO universe=45 symbols  regime=🟢 intraday bull — SPY above VWAP + EMA9>21  first-30m SPY: +0.13%
2026-06-11 15:40:43,559 INFO scan done  signals=0
2026-06-12 15:18:04,432 INFO session cache prime started
2026-06-12 15:18:04,436 INFO scan started  force=False
2026-06-12 15:18:06,740 INFO universe=10 symbols  regime=🟢 intraday bull — SPY above VWAP + EMA9>21  first-30m SPY: -0.55%
2026-06-12 15:18:07,673 INFO scan done  signals=0
2026-06-12 15:22:42,616 INFO scan started  force=True
2026-06-12 15:22:44,105 INFO universe=3 symbols  regime=🟢 intraday bull — SPY above VWAP + EMA9>21  first-30m SPY: -0.55%
2026-06-12 15:22:44,502 INFO scan done  signals=0
2026-06-12 15:23:29,087 INFO scan started  force=False
2026-06-12 15:23:33,628 INFO universe=9 symbols  regime=🟢 intraday bull — SPY above VWAP + EMA9>21  first-30m SPY: -0.55%
2026-06-12 15:23:34,618 INFO scan done  signals=0
2026-06-12 15:28:56,152 INFO scan started  force=False
2026-06-12 15:28:57,416 INFO universe=10 symbols  regime=🟢 intraday bull — SPY above VWAP + EMA9>21  first-30m SPY: -0.55%
2026-06-12 15:28:58,251 INFO scan done  signals=0
2026-06-12 15:30:38,566 INFO scan started  force=True
2026-06-12 15:30:40,023 INFO universe=35 symbols  regime=🟢 intraday bull — SPY above VWAP + EMA9>21  first-30m SPY: -0.55%
2026-06-12 15:30:40,026 INFO scan done  signals=0
2026-06-12 15:34:21,129 INFO scan started  force=False
2026-06-12 15:34:22,369 INFO universe=36 symbols  regime=🔴 intraday bear — SPY below VWAP or EMA9<21  first-30m SPY: -0.55%
2026-06-12 15:34:22,375 INFO scan done  signals=0
2026-06-12 15:39:50,585 INFO scan started  force=False
2026-06-12 15:39:52,832 INFO universe=38 symbols  regime=🔴 intraday bear — SPY below VWAP or EMA9<21  first-30m SPY: -0.55%
2026-06-12 15:39:52,835 INFO scan done  signals=0
2026-06-12 15:45:06,295 INFO EOD swing sweep triggered from api.py
2026-06-12 15:45:06,296 INFO scan started  force=False
2026-06-12 15:45:08,777 INFO universe=41 symbols  regime=🔴 intraday bear — SPY below VWAP or EMA9<21  first-30m SPY: -0.55%
2026-06-12 15:45:08,779 INFO scan done  signals=0
2026-06-12 15:50:27,866 INFO bar archive triggered from api.py
2026-06-12 15:50:27,867 INFO scan started  force=False
2026-06-12 15:50:29,511 INFO universe=45 symbols  regime=🔴 intraday bear — SPY below VWAP or EMA9<21  first-30m SPY: -0.55%
2026-06-12 15:50:29,514 INFO scan done  signals=0
2026-06-12 15:55:49,805 INFO scan started  force=False
2026-06-12 15:55:51,190 INFO universe=45 symbols  regime=🔴 intraday bear — SPY below VWAP or EMA9<21  first-30m SPY: -0.55%
2026-06-12 15:55:51,198 INFO scan done  signals=0

  Multi-Algo Signals API
  Algos: largecap | spx | smallcap
  App (React build): http://localhost:5000/
  Dev mode (Vite):   cd web && npm run dev  → http://localhost:3000

 * Serving Flask app 'api'
 * Debug mode: off
WARNING: This is a development server. Do not use it in a production deployment. Use a production WSGI server instead.
 * Running on http://127.0.0.1:5000
Press CTRL+C to quit

  Multi-Algo Signals API
  Algos: largecap | spx | smallcap
  App (React build): http://localhost:5000/
  Dev mode (Vite):   cd web && npm run dev  → http://localhost:3000

 * Serving Flask app 'api'
 * Debug mode: off
WARNING: This is a development server. Do not use it in a production deployment. Use a production WSGI server instead.
 * Running on http://127.0.0.1:5000
Press CTRL+C to quit

  Multi-Algo Signals API
  Algos: largecap | spx | smallcap
  App (React build): http://localhost:5000/
  Dev mode (Vite):   cd web && npm run dev  → http://localhost:3000

 * Serving Flask app 'api'
 * Debug mode: off
WARNING: This is a development server. Do not use it in a production deployment. Use a production WSGI server instead.
 * Running on http://127.0.0.1:5000
Press CTRL+C to quit
2026-06-17 12:13:29,212 INFO session cache prime started
2026-06-17 12:13:29,217 INFO scan started  force=False

  Multi-Algo Signals API
  Algos: largecap | spx | smallcap
  App (React build): http://localhost:5000/
  Dev mode (Vite):   cd web && npm run dev  → http://localhost:3000

 * Serving Flask app 'api'
 * Debug mode: off
WARNING: This is a development server. Do not use it in a production deployment. Use a production WSGI server instead.
 * Running on http://127.0.0.1:5000
Press CTRL+C to quit
2026-06-17 12:13:31,697 INFO universe=2 symbols  regime=🔴 intraday bear — SPY below VWAP or EMA9<21  first-30m SPY: -0.19%
2026-06-17 12:13:32,416 INFO scan done  signals=0
2026-06-17 12:18:47,129 INFO scan started  force=False
2026-06-17 12:18:48,833 INFO universe=5 symbols  regime=🟢 intraday bull — SPY above VWAP + EMA9>21  first-30m SPY: -0.19%
2026-06-17 12:18:49,393 INFO scan done  signals=0
2026-06-17 12:24:05,435 INFO scan started  force=False
2026-06-17 12:24:07,067 INFO universe=11 symbols  regime=🟢 intraday bull — SPY above VWAP + EMA9>21  first-30m SPY: -0.19%
2026-06-17 12:24:09,648 INFO scan done  signals=0
2026-06-17 12:29:24,847 INFO scan started  force=False
2026-06-17 12:29:28,876 INFO universe=4 symbols  regime=🟢 intraday bull — SPY above VWAP + EMA9>21  first-30m SPY: -0.14%
2026-06-17 12:29:30,909 INFO scan done  signals=0
2026-06-17 14:42:43,414 INFO scan started  force=False
2026-06-17 14:42:45,210 INFO universe=11 symbols  regime=🔴 intraday bear — SPY below VWAP or EMA9<21  first-30m SPY: -0.19%
2026-06-17 14:42:47,964 INFO scan done  signals=0
2026-06-17 14:48:02,267 INFO scan started  force=False
2026-06-17 14:48:04,469 INFO universe=14 symbols  regime=🔴 intraday bear — SPY below VWAP or EMA9<21  first-30m SPY: -0.19%
2026-06-17 14:48:07,560 INFO scan done  signals=0
2026-06-17 15:35:58,483 INFO scan started  force=False
2026-06-17 15:36:00,421 INFO universe=42 symbols  regime=🔴 intraday bear — SPY below VWAP or EMA9<21  first-30m SPY: -0.19%
2026-06-17 15:36:00,424 INFO scan done  signals=0
2026-06-17 15:41:14,807 INFO scan started  force=False
2026-06-17 15:41:17,476 INFO universe=6 symbols  regime=🔴 intraday bear — SPY below VWAP or EMA9<21  first-30m SPY: -0.19%
2026-06-17 15:41:17,477 INFO scan done  signals=0
2026-06-18 12:17:13,414 INFO session cache prime started
2026-06-18 12:17:13,425 INFO scan started  force=False

  Multi-Algo Signals API
  Algos: largecap | spx | smallcap
  App (React build): http://localhost:5000/
  Dev mode (Vite):   cd web && npm run dev  → http://localhost:3000

 * Serving Flask app 'api'
 * Debug mode: off
WARNING: This is a development server. Do not use it in a production deployment. Use a production WSGI server instead.
 * Running on http://127.0.0.1:5000
Press CTRL+C to quit
2026-06-18 12:17:16,439 INFO universe=0 symbols  regime=🟢 intraday bull — SPY above VWAP + EMA9>21  first-30m SPY: -0.40%
2026-06-18 12:17:16,459 INFO scan done  signals=0

  Multi-Algo Signals API
  Algos: largecap | spx | smallcap
  App (React build): http://localhost:5000/
  Dev mode (Vite):   cd web && npm run dev  → http://localhost:3000

 * Serving Flask app 'api'
 * Debug mode: off
WARNING: This is a development server. Do not use it in a production deployment. Use a production WSGI server instead.
 * Running on http://127.0.0.1:5000
Press CTRL+C to quit

  Multi-Algo Signals API
  Algos: largecap | spx | smallcap
  App (React build): http://localhost:5000/
  Dev mode (Vite):   cd web && npm run dev  → http://localhost:3000

 * Serving Flask app 'api'
 * Debug mode: off
WARNING: This is a development server. Do not use it in a production deployment. Use a production WSGI server instead.
 * Running on http://127.0.0.1:5000
Press CTRL+C to quit
2026-06-23 11:00:40,514 INFO session cache prime started
2026-06-23 11:00:40,522 INFO scan started  force=False

  Multi-Algo Signals API
  Algos: largecap | spx | smallcap
  App (React build): http://localhost:5000/
  Dev mode (Vite):   cd web && npm run dev  → http://localhost:3000

 * Serving Flask app 'api'
 * Debug mode: off
WARNING: This is a development server. Do not use it in a production deployment. Use a production WSGI server instead.
 * Running on http://127.0.0.1:5000
Press CTRL+C to quit
2026-06-23 11:00:43,121 INFO universe=15 symbols  regime=🔴 intraday bear — SPY below VWAP or EMA9<21  first-30m SPY: +0.46%
2026-06-23 11:00:46,681 INFO scan done  signals=0

  Multi-Algo Signals API
  Algos: largecap | spx | smallcap
  App (React build): http://localhost:5000/
  Dev mode (Vite):   cd web && npm run dev  → http://localhost:3000

 * Serving Flask app 'api'
 * Debug mode: off
WARNING: This is a development server. Do not use it in a production deployment. Use a production WSGI server instead.
 * Running on http://127.0.0.1:5000
Press CTRL+C to quit

  Multi-Algo Signals API
  Algos: largecap | spx | smallcap
  App (React build): http://localhost:5000/
  Dev mode (Vite):   cd web && npm run dev  → http://localhost:3000

 * Serving Flask app 'api'
 * Debug mode: off
WARNING: This is a development server. Do not use it in a production deployment. Use a production WSGI server instead.
 * Running on http://127.0.0.1:5000
Press CTRL+C to quit
2026-06-29 12:13:44,484 INFO session cache prime started
2026-06-29 12:13:44,493 INFO scan started  force=False

  Multi-Algo Signals API
  Algos: largecap | spx | smallcap
  App (React build): http://localhost:5000/
  Dev mode (Vite):   cd web && npm run dev  → http://localhost:3000

 * Serving Flask app 'api'
 * Debug mode: off
WARNING: This is a development server. Do not use it in a production deployment. Use a production WSGI server instead.
 * Running on http://127.0.0.1:5000
Press CTRL+C to quit
2026-06-29 12:13:47,070 INFO universe=0 symbols  regime=🟢 intraday bull — SPY above VWAP + EMA9>21  first-30m SPY: +0.05%
2026-06-29 12:13:47,070 INFO scan done  signals=0
2026-06-30 11:38:30,774 INFO session cache prime started
2026-06-30 11:38:30,779 INFO scan started  force=False

  Multi-Algo Signals API
  Algos: largecap | spx | smallcap
  App (React build): http://localhost:5000/
  Dev mode (Vite):   cd web && npm run dev  → http://localhost:3000

 * Serving Flask app 'api'
 * Debug mode: off
WARNING: This is a development server. Do not use it in a production deployment. Use a production WSGI server instead.
 * Running on http://127.0.0.1:5000
Press CTRL+C to quit
2026-06-30 11:38:32,917 INFO universe=8 symbols  regime=🟢 intraday bull — SPY above VWAP + EMA9>21  first-30m SPY: +0.35%
2026-06-30 11:38:36,436 INFO scan done  signals=0

  Multi-Algo Signals API
  Algos: largecap | spx | smallcap
  App (React build): http://localhost:5000/
  Dev mode (Vite):   cd web && npm run dev  → http://localhost:3000

 * Serving Flask app 'api'
 * Debug mode: off
WARNING: This is a development server. Do not use it in a production deployment. Use a production WSGI server instead.
 * Running on http://127.0.0.1:5000
Press CTRL+C to quit
2026-07-07 12:45:38,750 INFO session cache prime started
2026-07-07 12:45:38,756 INFO scan started  force=False

  Multi-Algo Signals API
  Algos: largecap | spx | smallcap
  App (React build): http://localhost:5000/
  Dev mode (Vite):   cd web && npm run dev  → http://localhost:3000

 * Serving Flask app 'api'
 * Debug mode: off
WARNING: This is a development server. Do not use it in a production deployment. Use a production WSGI server instead.
 * Running on http://127.0.0.1:5000
Press CTRL+C to quit
2026-07-07 12:45:41,643 INFO universe=11 symbols  regime=🟢 intraday bull — SPY above VWAP + EMA9>21  first-30m SPY: -0.18%

  Multi-Algo Signals API
  Algos: largecap | spx | smallcap
  App (React build): http://localhost:5000/
  Dev mode (Vite):   cd web && npm run dev  → http://localhost:3000

 * Serving Flask app 'api'
 * Debug mode: off
WARNING: This is a development server. Do not use it in a production deployment. Use a production WSGI server instead.
 * Running on http://127.0.0.1:5000
Press CTRL+C to quit

  Multi-Algo Signals API
  Algos: largecap | spx | smallcap
  App (React build): http://localhost:5000/
  Dev mode (Vite):   cd web && npm run dev  → http://localhost:3000

 * Serving Flask app 'api'
 * Debug mode: off
WARNING: This is a development server. Do not use it in a production deployment. Use a production WSGI server instead.
 * Running on http://127.0.0.1:5000
Press CTRL+C to quit

  Multi-Algo Signals API
  Algos: largecap | spx | smallcap
  App (React build): http://localhost:5000/
  Dev mode (Vite):   cd web && npm run dev  → http://localhost:3000

 * Serving Flask app 'api'
 * Debug mode: off
WARNING: This is a development server. Do not use it in a production deployment. Use a production WSGI server instead.
 * Running on http://127.0.0.1:5000
Press CTRL+C to quit

  Multi-Algo Signals API
  Algos: largecap | spx | smallcap
  App (React build): http://localhost:5000/
  Dev mode (Vite):   cd web && npm run dev  → http://localhost:3000

 * Serving Flask app 'api'
 * Debug mode: off
WARNING: This is a development server. Do not use it in a production deployment. Use a production WSGI server instead.
 * Running on http://127.0.0.1:5000
Press CTRL+C to quit
2026-07-12 15:20:35,805 INFO session cache prime started
2026-07-12 15:20:35,810 INFO scan started  force=False

  Multi-Algo Signals API
  Algos: largecap | spx | smallcap
  App (React build): http://localhost:5000/
  Dev mode (Vite):   cd web && npm run dev  → http://localhost:3000

 * Serving Flask app 'api'
 * Debug mode: off
WARNING: This is a development server. Do not use it in a production deployment. Use a production WSGI server instead.
 * Running on http://127.0.0.1:5000
Press CTRL+C to quit
2026-07-12 15:20:38,048 INFO universe=45 symbols  regime=🟢 intraday bull — SPY above VWAP + EMA9>21  first-30m SPY: +0.12%
2026-07-13 14:05:30,517 INFO session cache prime started
2026-07-13 14:05:30,527 INFO scan started  force=False

  Multi-Algo Signals API
  Algos: largecap | spx | smallcap
  App (React build): http://localhost:5000/
  Dev mode (Vite):   cd web && npm run dev  → http://localhost:3000

 * Serving Flask app 'api'
 * Debug mode: off
WARNING: This is a development server. Do not use it in a production deployment. Use a production WSGI server instead.
 * Running on http://127.0.0.1:5000
Press CTRL+C to quit

  Multi-Algo Signals API
  Algos: largecap | spx | smallcap
  App (React build): http://localhost:5000/
  Dev mode (Vite):   cd web && npm run dev  → http://localhost:3000

 * Serving Flask app 'api'
 * Debug mode: off
WARNING: This is a development server. Do not use it in a production deployment. Use a production WSGI server instead.
 * Running on http://127.0.0.1:5000
Press CTRL+C to quit
2026-07-15 13:34:53,734 INFO session cache prime started
2026-07-15 13:34:53,739 INFO scan started  force=False

  Multi-Algo Signals API
  Algos: largecap | spx | smallcap
  App (React build): http://localhost:5000/
  Dev mode (Vite):   cd web && npm run dev  → http://localhost:3000

 * Serving Flask app 'api'
 * Debug mode: off
WARNING: This is a development server. Do not use it in a production deployment. Use a production WSGI server instead.
 * Running on http://127.0.0.1:5000
Press CTRL+C to quit
2026-07-15 13:34:56,320 INFO universe=10 symbols  regime=🔴 intraday bear — SPY below VWAP or EMA9<21  first-30m SPY: +0.03%
2026-07-15 13:34:58,963 INFO scan done  signals=0

  Multi-Algo Signals API
  Algos: largecap | spx | smallcap
  App (React build): http://localhost:5000/
  Dev mode (Vite):   cd web && npm run dev  → http://localhost:3000

 * Serving Flask app 'api'
 * Debug mode: off
WARNING: This is a development server. Do not use it in a production deployment. Use a production WSGI server instead.
 * Running on http://127.0.0.1:5000
Press CTRL+C to quit

  Multi-Algo Signals API
  Algos: largecap | spx | smallcap
  App (React build): http://localhost:5000/
  Dev mode (Vite):   cd web && npm run dev  → http://localhost:3000

 * Serving Flask app 'api'
 * Debug mode: off
WARNING: This is a development server. Do not use it in a production deployment. Use a production WSGI server instead.
 * Running on http://127.0.0.1:5000
Press CTRL+C to quit

  Multi-Algo Signals API
  Algos: largecap | spx | smallcap
  App (React build): http://localhost:5000/
  Dev mode (Vite):   cd web && npm run dev  → http://localhost:3000

 * Serving Flask app 'api'
 * Debug mode: off
WARNING: This is a development server. Do not use it in a production deployment. Use a production WSGI server instead.
 * Running on http://127.0.0.1:5000
Press CTRL+C to quit

  Multi-Algo Signals API
  Algos: largecap | spx | smallcap
  App (React build): http://localhost:5000/
  Dev mode (Vite):   cd web && npm run dev  → http://localhost:3000

 * Serving Flask app 'api'
 * Debug mode: off
WARNING: This is a development server. Do not use it in a production deployment. Use a production WSGI server instead.
 * Running on http://127.0.0.1:5000
Press CTRL+C to quit
2026-07-17 15:22:33,498 INFO session cache prime started
2026-07-17 15:22:33,505 INFO scan started  force=False

  Multi-Algo Signals API
  Algos: largecap | spx | smallcap
  App (React build): http://localhost:5000/
  Dev mode (Vite):   cd web && npm run dev  → http://localhost:3000

 * Serving Flask app 'api'
 * Debug mode: off
WARNING: This is a development server. Do not use it in a production deployment. Use a production WSGI server instead.
 * Running on http://127.0.0.1:5000
Press CTRL+C to quit
2026-07-17 15:22:35,968 INFO universe=1 symbols  regime=🔴 intraday bear — SPY below VWAP or EMA9<21  first-30m SPY: +0.37%
2026-07-17 15:22:37,276 INFO scan done  signals=0

  Multi-Algo Signals API
  Algos: largecap | spx | smallcap
  App (React build): http://localhost:5000/
  Dev mode (Vite):   cd web && npm run dev  → http://localhost:3000

 * Serving Flask app 'api'
 * Debug mode: off
WARNING: This is a development server. Do not use it in a production deployment. Use a production WSGI server instead.
 * Running on http://127.0.0.1:5000
Press CTRL+C to quit

  Multi-Algo Signals API
  Algos: largecap | spx | smallcap
  App (React build): http://localhost:5000/
  Dev mode (Vite):   cd web && npm run dev  → http://localhost:3000

 * Serving Flask app 'api'
 * Debug mode: off
WARNING: This is a development server. Do not use it in a production deployment. Use a production WSGI server instead.
 * Running on http://127.0.0.1:5000
Press CTRL+C to quit
2026-07-20 14:02:45,128 INFO session cache prime started
2026-07-20 14:02:45,132 INFO scan started  force=False

  Multi-Algo Signals API
  Algos: largecap | spx | smallcap
  App (React build): http://localhost:5000/
  Dev mode (Vite):   cd web && npm run dev  → http://localhost:3000

 * Serving Flask app 'api'
 * Debug mode: off
WARNING: This is a development server. Do not use it in a production deployment. Use a production WSGI server instead.
 * Running on http://127.0.0.1:5000
Press CTRL+C to quit

  Multi-Algo Signals API
  Algos: largecap | spx | smallcap
  App (React build): http://localhost:5000/
  Dev mode (Vite):   cd web && npm run dev  → http://localhost:3000

 * Serving Flask app 'api'
 * Debug mode: off
WARNING: This is a development server. Do not use it in a production deployment. Use a production WSGI server instead.
 * Running on http://127.0.0.1:5000
Press CTRL+C to quit

  Multi-Algo Signals API
  Algos: largecap | spx | smallcap
  App (React build): http://localhost:5000/
  Dev mode (Vite):   cd web && npm run dev  → http://localhost:3000

 * Serving Flask app 'api'
 * Debug mode: off
WARNING: This is a development server. Do not use it in a production deployment. Use a production WSGI server instead.
 * Running on http://127.0.0.1:5000
Press CTRL+C to quit
2026-07-22 14:10:03,129 INFO session cache prime started
2026-07-22 14:10:03,136 INFO scan started  force=False

  Multi-Algo Signals API
  Algos: largecap | spx | smallcap
  App (React build): http://localhost:5000/
  Dev mode (Vite):   cd web && npm run dev  → http://localhost:3000

 * Serving Flask app 'api'
 * Debug mode: off
WARNING: This is a development server. Do not use it in a production deployment. Use a production WSGI server instead.
 * Running on http://127.0.0.1:5000
Press CTRL+C to quit
2026-07-22 14:10:06,662 INFO universe=22 symbols  regime=🔴 intraday bear — SPY below VWAP or EMA9<21  first-30m SPY: +0.29%
2026-07-22 14:10:09,483 INFO scan done  signals=0
2026-07-23 13:24:48,572 INFO session cache prime started
2026-07-23 13:24:48,575 INFO scan started  force=False

  Multi-Algo Signals API
  Algos: largecap | spx | smallcap
  App (React build): http://localhost:5000/
  Dev mode (Vite):   cd web && npm run dev  → http://localhost:3000

 * Serving Flask app 'api'
 * Debug mode: off
WARNING: This is a development server. Do not use it in a production deployment. Use a production WSGI server instead.
 * Running on http://127.0.0.1:5000
Press CTRL+C to quit
2026-07-23 13:24:50,585 INFO universe=7 symbols  regime=🟢 intraday bull — SPY above VWAP + EMA9>21  first-30m SPY: +0.03%
2026-07-23 13:24:53,205 INFO scan done  signals=0

  Multi-Algo Signals API
  Algos: largecap | spx | smallcap
  App (React build): http://localhost:5000/
  Dev mode (Vite):   cd web && npm run dev  → http://localhost:3000

 * Serving Flask app 'api'
 * Debug mode: off
WARNING: This is a development server. Do not use it in a production deployment. Use a production WSGI server instead.
 * Running on http://127.0.0.1:5000
Press CTRL+C to quit

  Multi-Algo Signals API
  Algos: largecap | spx | smallcap
  App (React build): http://localhost:5000/
  Dev mode (Vite):   cd web && npm run dev  → http://localhost:3000

 * Serving Flask app 'api'
 * Debug mode: off
WARNING: This is a development server. Do not use it in a production deployment. Use a production WSGI server instead.
 * Running on http://127.0.0.1:5000
Press CTRL+C to quit

  Multi-Algo Signals API
  Algos: largecap | spx | smallcap
  App (React build): http://localhost:5000/
  Dev mode (Vite):   cd web && npm run dev  → http://localhost:3000

 * Serving Flask app 'api'
 * Debug mode: off
WARNING: This is a development server. Do not use it in a production deployment. Use a production WSGI server instead.
 * Running on http://127.0.0.1:5000
Press CTRL+C to quit
2026-07-28 15:15:34,109 INFO session cache prime started
2026-07-28 15:15:34,141 INFO scan started  force=False

  Multi-Algo Signals API
  Algos: largecap | spx | smallcap
  App (React build): http://localhost:5000/
  Dev mode (Vite):   cd web && npm run dev  → http://localhost:3000

 * Serving Flask app 'api'
 * Debug mode: off
WARNING: This is a development server. Do not use it in a production deployment. Use a production WSGI server instead.
 * Running on http://127.0.0.1:5000
Press CTRL+C to quit

  Multi-Algo Signals API
  Algos: largecap | spx | smallcap
  App (React build): http://localhost:5000/
  Dev mode (Vite):   cd web && npm run dev  → http://localhost:3000

 * Serving Flask app 'api'
 * Debug mode: off
WARNING: This is a development server. Do not use it in a production deployment. Use a production WSGI server instead.
 * Running on http://127.0.0.1:5000
Press CTRL+C to quit

  Multi-Algo Signals API
  Algos: largecap | spx | smallcap
  App (React build): http://localhost:5000/
  Dev mode (Vite):   cd web && npm run dev  → http://localhost:3000

 * Serving Flask app 'api'
 * Debug mode: off
WARNING: This is a development server. Do not use it in a production deployment. Use a production WSGI server instead.
 * Running on http://127.0.0.1:5000
Press CTRL+C to quit

  Multi-Algo Signals API
  Algos: largecap | spx | smallcap
  App (React build): http://localhost:5000/
  Dev mode (Vite):   cd web && npm run dev  → http://localhost:3000

 * Serving Flask app 'api'
 * Debug mode: off
WARNING: This is a development server. Do not use it in a production deployment. Use a production WSGI server instead.
 * Running on http://127.0.0.1:5000
Press CTRL+C to quit
2026-07-30 15:30:00,784 INFO session cache prime started
2026-07-30 15:30:00,798 INFO scan started  force=False

  Multi-Algo Signals API
  Algos: largecap | spx | smallcap
  App (React build): http://localhost:5000/
  Dev mode (Vite):   cd web && npm run dev  → http://localhost:3000

 * Serving Flask app 'api'
 * Debug mode: off
WARNING: This is a development server. Do not use it in a production deployment. Use a production WSGI server instead.
 * Running on http://127.0.0.1:5000
Press CTRL+C to quit
2026-07-30 15:30:03,988 INFO universe=39 symbols  regime=🟢 intraday bull — SPY above VWAP + EMA9>21  first-30m SPY: +0.35%
2026-07-30 15:30:04,026 INFO scan done  signals=0

  Multi-Algo Signals API
  Algos: largecap | spx | smallcap
  App (React build): http://localhost:5000/
  Dev mode (Vite):   cd web && npm run dev  → http://localhost:3000

 * Serving Flask app 'api'
 * Debug mode: off
WARNING: This is a development server. Do not use it in a production deployment. Use a production WSGI server instead.
 * Running on http://127.0.0.1:5000
Press CTRL+C to quit
2026-08-04 13:47:47,887 INFO session cache prime started
2026-08-04 13:47:47,897 INFO scan started  force=False

  Multi-Algo Signals API
  Algos: largecap | spx | smallcap
  App (React build): http://localhost:5000/
  Dev mode (Vite):   cd web && npm run dev  → http://localhost:3000

 * Serving Flask app 'api'
 * Debug mode: off
WARNING: This is a development server. Do not use it in a production deployment. Use a production WSGI server instead.
 * Running on http://127.0.0.1:5000
Press CTRL+C to quit
2026-08-04 13:47:50,740 INFO universe=2 symbols  regime=🟢 intraday bull — SPY above VWAP + EMA9>21  first-30m SPY: +0.36%
2026-08-04 13:47:51,393 INFO scan done  signals=0
2026-08-05 15:22:47,397 INFO session cache prime started
2026-08-05 15:22:47,403 INFO scan started  force=False

  Multi-Algo Signals API
  Algos: largecap | spx | smallcap
  App (React build): http://localhost:5000/
  Dev mode (Vite):   cd web && npm run dev  → http://localhost:3000

 * Serving Flask app 'api'
 * Debug mode: off
WARNING: This is a development server. Do not use it in a production deployment. Use a production WSGI server instead.
 * Running on http://127.0.0.1:5000
Press CTRL+C to quit

  Multi-Algo Signals API
  Algos: largecap | spx | smallcap
  App (React build): http://localhost:5000/
  Dev mode (Vite):   cd web && npm run dev  → http://localhost:3000

 * Serving Flask app 'api'
 * Debug mode: off
WARNING: This is a development server. Do not use it in a production deployment. Use a production WSGI server instead.
 * Running on http://127.0.0.1:5000
Press CTRL+C to quit

  Multi-Algo Signals API
  Algos: largecap | spx | smallcap
  App (React build): http://localhost:5000/
  Dev mode (Vite):   cd web && npm run dev  → http://localhost:3000

 * Serving Flask app 'api'
 * Debug mode: off
WARNING: This is a development server. Do not use it in a production deployment. Use a production WSGI server instead.
 * Running on http://127.0.0.1:5000
Press CTRL+C to quit

  Multi-Algo Signals API
  Algos: largecap | spx | smallcap
  App (React build): http://localhost:5000/
  Dev mode (Vite):   cd web && npm run dev  → http://localhost:3000

 * Serving Flask app 'api'
 * Debug mode: off
WARNING: This is a development server. Do not use it in a production deployment. Use a production WSGI server instead.
 * Running on http://127.0.0.1:5000
Press CTRL+C to quit
2026-08-08 15:51:24,720 INFO session cache prime started
2026-08-08 15:51:24,722 INFO bar archive triggered from api.py
2026-08-08 15:51:24,726 INFO EOD swing sweep triggered from api.py
2026-08-08 15:51:24,730 INFO scan started  force=False

  Multi-Algo Signals API
  Algos: largecap | spx | smallcap
  App (React build): http://localhost:5000/
  Dev mode (Vite):   cd web && npm run dev  → http://localhost:3000

 * Serving Flask app 'api'
 * Debug mode: off
WARNING: This is a development server. Do not use it in a production deployment. Use a production WSGI server instead.
 * Running on http://127.0.0.1:5000
Press CTRL+C to quit

  Multi-Algo Signals API
  Algos: largecap | spx | smallcap
  App (React build): http://localhost:5000/
  Dev mode (Vite):   cd web && npm run dev  → http://localhost:3000

 * Serving Flask app 'api'
 * Debug mode: off
WARNING: This is a development server. Do not use it in a production deployment. Use a production WSGI server instead.
 * Running on http://127.0.0.1:5000
Press CTRL+C to quit
2026-08-09 14:00:26,662 INFO session cache prime started
2026-08-09 14:00:26,670 INFO scan started  force=False

  Multi-Algo Signals API
  Algos: largecap | spx | smallcap
  App (React build): http://localhost:5000/
  Dev mode (Vite):   cd web && npm run dev  → http://localhost:3000

 * Serving Flask app 'api'
 * Debug mode: off
WARNING: This is a development server. Do not use it in a production deployment. Use a production WSGI server instead.
 * Running on http://127.0.0.1:5000
Press CTRL+C to quit
2026-08-09 14:00:29,136 INFO universe=45 symbols  regime=🟢 intraday bull — SPY above VWAP + EMA9>21  first-30m SPY: +0.00%
2026-08-09 14:00:34,975 INFO scan done  signals=0

  Multi-Algo Signals API
  Algos: largecap | spx | smallcap
  App (React build): http://localhost:5000/
  Dev mode (Vite):   cd web && npm run dev  → http://localhost:3000

 * Serving Flask app 'api'
 * Debug mode: off
WARNING: This is a development server. Do not use it in a production deployment. Use a production WSGI server instead.
 * Running on http://127.0.0.1:5000
Press CTRL+C to quit
2026-08-13 15:55:23,072 INFO session cache prime started
2026-08-13 15:55:23,074 INFO bar archive triggered from api.py
2026-08-13 15:55:23,081 INFO EOD swing sweep triggered from api.py
2026-08-13 15:55:23,088 INFO scan started  force=False

  Multi-Algo Signals API
  Algos: largecap | spx | smallcap
  App (React build): http://localhost:5000/
  Dev mode (Vite):   cd web && npm run dev  → http://localhost:3000

 * Serving Flask app 'api'
 * Debug mode: off
WARNING: This is a development server. Do not use it in a production deployment. Use a production WSGI server instead.
 * Running on http://127.0.0.1:5000
Press CTRL+C to quit
2026-08-13 15:55:25,478 INFO universe=43 symbols  regime=🟢 intraday bull — SPY above VWAP + EMA9>21  first-30m SPY: +0.35%
2026-08-13 15:55:25,539 INFO scan done  signals=0

  Multi-Algo Signals API
  Algos: largecap | spx | smallcap
  App (React build): http://localhost:5000/
  Dev mode (Vite):   cd web && npm run dev  → http://localhost:3000

 * Serving Flask app 'api'
 * Debug mode: off
WARNING: This is a development server. Do not use it in a production deployment. Use a production WSGI server instead.
 * Running on http://127.0.0.1:5000
Press CTRL+C to quit

  Multi-Algo Signals API
  Algos: largecap | spx | smallcap
  App (React build): http://localhost:5000/
  Dev mode (Vite):   cd web && npm run dev  → http://localhost:3000

 * Serving Flask app 'api'
 * Debug mode: off
WARNING: This is a development server. Do not use it in a production deployment. Use a production WSGI server instead.
 * Running on http://127.0.0.1:5000
Press CTRL+C to quit

  Multi-Algo Signals API
  Algos: largecap | spx | smallcap
  App (React build): http://localhost:5000/
  Dev mode (Vite):   cd web && npm run dev  → http://localhost:3000

 * Serving Flask app 'api'
 * Debug mode: off
WARNING: This is a development server. Do not use it in a production deployment. Use a production WSGI server instead.
 * Running on http://127.0.0.1:5000
Press CTRL+C to quit

  Multi-Algo Signals API
  Algos: largecap | spx | smallcap
  App (React build): http://localhost:5000/
  Dev mode (Vite):   cd web && npm run dev  → http://localhost:3000

 * Serving Flask app 'api'
 * Debug mode: off
WARNING: This is a development server. Do not use it in a production deployment. Use a production WSGI server instead.
 * Running on http://127.0.0.1:5000
Press CTRL+C to quit

  Multi-Algo Signals API
  Algos: largecap | spx | smallcap
  App (React build): http://localhost:5000/
  Dev mode (Vite):   cd web && npm run dev  → http://localhost:3000

 * Serving Flask app 'api'
 * Debug mode: off
WARNING: This is a development server. Do not use it in a production deployment. Use a production WSGI server instead.
 * Running on http://127.0.0.1:5000
Press CTRL+C to quit

  Multi-Algo Signals API
  Algos: largecap | spx | smallcap
  App (React build): http://localhost:5000/
  Dev mode (Vite):   cd web && npm run dev  → http://localhost:3000

 * Serving Flask app 'api'
 * Debug mode: off
WARNING: This is a development server. Do not use it in a production deployment. Use a production WSGI server instead.
 * Running on http://127.0.0.1:5000
Press CTRL+C to quit
2026-08-20 13:07:37,893 INFO session cache prime started
2026-08-20 13:07:37,897 INFO scan started  force=False

  Multi-Algo Signals API
  Algos: largecap | spx | smallcap
  App (React build): http://localhost:5000/
  Dev mode (Vite):   cd web && npm run dev  → http://localhost:3000

 * Serving Flask app 'api'
 * Debug mode: off
WARNING: This is a development server. Do not use it in a production deployment. Use a production WSGI server instead.
 * Running on http://127.0.0.1:5000
Press CTRL+C to quit
2026-08-20 13:07:40,484 INFO universe=1 symbols  regime=🔴 intraday bear — SPY below VWAP or EMA9<21  first-30m SPY: +0.08%
2026-08-20 13:07:42,110 INFO scan done  signals=0

  Multi-Algo Signals API
  Algos: largecap | spx | smallcap
  App (React build): http://localhost:5000/
  Dev mode (Vite):   cd web && npm run dev  → http://localhost:3000

 * Serving Flask app 'api'
 * Debug mode: off
WARNING: This is a development server. Do not use it in a production deployment. Use a production WSGI server instead.
 * Running on http://127.0.0.1:5000
Press CTRL+C to quit

  Multi-Algo Signals API
  Algos: largecap | spx | smallcap
  App (React build): http://localhost:5000/
  Dev mode (Vite):   cd web && npm run dev  → http://localhost:3000

 * Serving Flask app 'api'
 * Debug mode: off
WARNING: This is a development server. Do not use it in a production deployment. Use a production WSGI server instead.
 * Running on http://127.0.0.1:5000
Press CTRL+C to quit

  Multi-Algo Signals API
  Algos: largecap | spx | smallcap
  App (React build): http://localhost:5000/
  Dev mode (Vite):   cd web && npm run dev  → http://localhost:3000

 * Serving Flask app 'api'
 * Debug mode: off
WARNING: This is a development server. Do not use it in a production deployment. Use a production WSGI server instead.
 * Running on http://127.0.0.1:5000
Press CTRL+C to quit

  Multi-Algo Signals API
  Algos: largecap | spx | smallcap
  App (React build): http://localhost:5000/
  Dev mode (Vite):   cd web && npm run dev  → http://localhost:3000

 * Serving Flask app 'api'
 * Debug mode: off
WARNING: This is a development server. Do not use it in a production deployment. Use a production WSGI server instead.
 * Running on http://127.0.0.1:5000
Press CTRL+C to quit
2026-08-24 11:40:35,264 INFO session cache prime started
2026-08-24 11:40:35,280 INFO scan started  force=False

  Multi-Algo Signals API
  Algos: largecap | spx | smallcap
  App (React build): http://localhost:5000/
  Dev mode (Vite):   cd web && npm run dev  → http://localhost:3000

 * Serving Flask app 'api'
 * Debug mode: off
WARNING: This is a development server. Do not use it in a production deployment. Use a production WSGI server instead.
 * Running on http://127.0.0.1:5000
Press CTRL+C to quit
2026-08-24 11:40:40,051 INFO universe=15 symbols  regime=🔴 intraday bear — SPY below VWAP or EMA9<21  first-30m SPY: -0.18%
2026-08-24 11:40:42,482 INFO scan done  signals=0

  Multi-Algo Signals API
  Algos: largecap | spx | smallcap
  App (React build): http://localhost:5000/
  Dev mode (Vite):   cd web && npm run dev  → http://localhost:3000

 * Serving Flask app 'api'
 * Debug mode: off
WARNING: This is a development server. Do not use it in a production deployment. Use a production WSGI server instead.
 * Running on http://127.0.0.1:5000
Press CTRL+C to quit

  Multi-Algo Signals API
  Algos: largecap | spx | smallcap
  App (React build): http://localhost:5000/
  Dev mode (Vite):   cd web && npm run dev  → http://localhost:3000

 * Serving Flask app 'api'
 * Debug mode: off
WARNING: This is a development server. Do not use it in a production deployment. Use a production WSGI server instead.
 * Running on http://127.0.0.1:5000
Press CTRL+C to quit

  Multi-Algo Signals API
  Algos: largecap | spx | smallcap
  App (React build): http://localhost:5000/
  Dev mode (Vite):   cd web && npm run dev  → http://localhost:3000

 * Serving Flask app 'api'
 * Debug mode: off
WARNING: This is a development server. Do not use it in a production deployment. Use a production WSGI server instead.
 * Running on http://127.0.0.1:5000
Press CTRL+C to quit

  Multi-Algo Signals API
  Algos: largecap | spx | smallcap
  App (React build): http://localhost:5000/
  Dev mode (Vite):   cd web && npm run dev  → http://localhost:3000

 * Serving Flask app 'api'
 * Debug mode: off
WARNING: This is a development server. Do not use it in a production deployment. Use a production WSGI server instead.
 * Running on http://127.0.0.1:5000
Press CTRL+C to quit

  Multi-Algo Signals API
  Algos: largecap | spx | smallcap
  App (React build): http://localhost:5000/
  Dev mode (Vite):   cd web && npm run dev  → http://localhost:3000

 * Serving Flask app 'api'
 * Debug mode: off
WARNING: This is a development server. Do not use it in a production deployment. Use a production WSGI server instead.
 * Running on http://127.0.0.1:5000
Press CTRL+C to quit
2026-09-01 13:11:48,178 INFO session cache prime started
2026-09-01 13:11:48,189 INFO scan started  force=False

  Multi-Algo Signals API
  Algos: largecap | spx | smallcap
  App (React build): http://localhost:5000/
  Dev mode (Vite):   cd web && npm run dev  → http://localhost:3000

 * Serving Flask app 'api'
 * Debug mode: off
WARNING: This is a development server. Do not use it in a production deployment. Use a production WSGI server instead.
 * Running on http://127.0.0.1:5000
Press CTRL+C to quit
2026-09-01 13:11:50,211 INFO universe=1 symbols  regime=🔴 intraday bear — SPY below VWAP or EMA9<21  first-30m SPY: +0.00%
2026-09-01 13:11:50,591 INFO scan done  signals=0

  Multi-Algo Signals API
  Algos: largecap | spx | smallcap
  App (React build): http://localhost:5000/
  Dev mode (Vite):   cd web && npm run dev  → http://localhost:3000

 * Serving Flask app 'api'
 * Debug mode: off
WARNING: This is a development server. Do not use it in a production deployment. Use a production WSGI server instead.
 * Running on http://127.0.0.1:5000
Press CTRL+C to quit

  Multi-Algo Signals API
  Algos: largecap | spx | smallcap
  App (React build): http://localhost:5000/
  Dev mode (Vite):   cd web && npm run dev  → http://localhost:3000

 * Serving Flask app 'api'
 * Debug mode: off
WARNING: This is a development server. Do not use it in a production deployment. Use a production WSGI server instead.
 * Running on http://127.0.0.1:5000
Press CTRL+C to quit
2026-09-08 13:59:16,519 INFO session cache prime started
2026-09-08 13:59:16,526 INFO scan started  force=False

  Multi-Algo Signals API
  Algos: largecap | spx | smallcap
  App (React build): http://localhost:5000/
  Dev mode (Vite):   cd web && npm run dev  → http://localhost:3000

 * Serving Flask app 'api'
 * Debug mode: off
WARNING: This is a development server. Do not use it in a production deployment. Use a production WSGI server instead.
 * Running on http://127.0.0.1:5000
Press CTRL+C to quit
2026-09-08 13:59:20,658 INFO universe=5 symbols  regime=🟢 intraday bull — SPY above VWAP + EMA9>21  first-30m SPY: -0.21%
2026-09-08 13:59:21,353 INFO scan done  signals=0

  Multi-Algo Signals API
  Algos: largecap | spx | smallcap
  App (React build): http://localhost:5000/
  Dev mode (Vite):   cd web && npm run dev  → http://localhost:3000

 * Serving Flask app 'api'
 * Debug mode: off
WARNING: This is a development server. Do not use it in a production deployment. Use a production WSGI server instead.
 * Running on http://127.0.0.1:5000
Press CTRL+C to quit

  Multi-Algo Signals API
  Algos: largecap | spx | smallcap
  App (React build): http://localhost:5000/
  Dev mode (Vite):   cd web && npm run dev  → http://localhost:3000

 * Serving Flask app 'api'
 * Debug mode: off
WARNING: This is a development server. Do not use it in a production deployment. Use a production WSGI server instead.
 * Running on http://127.0.0.1:5000
Press CTRL+C to quit

  Multi-Algo Signals API
  Algos: largecap | spx | smallcap
  App (React build): http://localhost:5000/
  Dev mode (Vite):   cd web && npm run dev  → http://localhost:3000

 * Serving Flask app 'api'
 * Debug mode: off
WARNING: This is a development server. Do not use it in a production deployment. Use a production WSGI server instead.
 * Running on http://127.0.0.1:5000
Press CTRL+C to quit

  Multi-Algo Signals API
  Algos: largecap | spx | smallcap
  App (React build): http://localhost:5000/
  Dev mode (Vite):   cd web && npm run dev  → http://localhost:3000

 * Serving Flask app 'api'
 * Debug mode: off
WARNING: This is a development server. Do not use it in a production deployment. Use a production WSGI server instead.
 * Running on http://127.0.0.1:5000
Press CTRL+C to quit

  Multi-Algo Signals API
  Algos: largecap | spx | smallcap
  App (React build): http://localhost:5000/
  Dev mode (Vite):   cd web && npm run dev  → http://localhost:3000

 * Serving Flask app 'api'
 * Debug mode: off
WARNING: This is a development server. Do not use it in a production deployment. Use a production WSGI server instead.
 * Running on http://127.0.0.1:5000
Press CTRL+C to quit
2026-09-12 10:58:05,473 INFO session cache prime started
2026-09-12 10:58:05,487 INFO scan started  force=False

  Multi-Algo Signals API
  Algos: largecap | spx | smallcap
  App (React build): http://localhost:5000/
  Dev mode (Vite):   cd web && npm run dev  → http://localhost:3000

 * Serving Flask app 'api'
 * Debug mode: off
WARNING: This is a development server. Do not use it in a production deployment. Use a production WSGI server instead.
 * Running on http://127.0.0.1:5000
Press CTRL+C to quit
2026-09-12 10:58:08,245 INFO universe=45 symbols  regime=🔴 intraday bear — SPY below VWAP or EMA9<21  first-30m SPY: +0.21%
2026-09-12 10:58:12,648 INFO scan done  signals=0
